issue_id,district,block,citizen_role,urgency,reported_date,primary_domain,secondary_domain,description,data_version,language_style,latitude,longitude,geo_source,split
JH-26043-0001,Dhanbad,Jharia,Ward Member (ULB),Medium,05-04-2026,water_management,sanitation,"Chapakal (handpump) broken in our tola since 3 weeks, villagers walking 2km for peene ka pani",synthetic_seed_v1,hinglish_or_local_terms,23.7957,86.4304,synthetic_district_centroid_for_demo,train
JH-26043-0002,Dhanbad,Topchanchi,SHG Leader (Sakhi Mandal),Low,03-01-2026,water_management,agriculture,"Panchayat water tank overflow ho raha hai daily, valve kharab hone se thousands of litres waste",synthetic_seed_v1,hinglish_or_local_terms,23.7957,86.4304,synthetic_district_centroid_for_demo,train
JH-26043-0003,Hazaribagh,Katkamsandi,Local Youth Group,Low,23-04-2026,water_management,,"Deep borewell dry ho gaya due to ground water depletion in block, water tanker demand not addressed",synthetic_seed_v1,formal_or_detailed,23.9966,85.3691,synthetic_district_centroid_for_demo,train
JH-26043-0004,Hazaribagh,Chauparan,Local Youth Group,High,25-01-2026,water_management,agriculture,"Handpump water has high fluoride and red arsenic taste, villagers suffering bone pains",synthetic_seed_v1,formal_or_detailed,23.9966,85.3691,synthetic_district_centroid_for_demo,train
JH-26043-0005,Palamu,Satbarwa,Ward Member (ULB),Medium,25-04-2026,water_management,healthcare,"Submersible pump burnt out in gram panchayat overhead tank, no drinking water supply",synthetic_seed_v1,formal_or_detailed,24.03,84.07,synthetic_district_centroid_for_demo,train
JH-26043-0006,Dhanbad,Jharia,SHG Leader (Sakhi Mandal),Low,28-06-2026,water_management,healthcare,"Canal branch silted with mud, irrigation water not reaching tail-end agricultural fields",synthetic_seed_v1,formal_or_detailed,23.7957,86.4304,synthetic_district_centroid_for_demo,validation
JH-26043-0007,Dumka,Shikaripara,SHG Leader (Sakhi Mandal),Low,03-07-2026,water_management,healthcare,"Check dam wall cracked and leaking, all monsoon water draining away prematurely",synthetic_seed_v1,formal_or_detailed,24.2676,87.2497,synthetic_district_centroid_for_demo,train
JH-26043-0008,Bokaro,Kasmar,Mukhiya / PRI Rep,Low,22-01-2026,water_management,agriculture,"Water pipeline fractured during road widening work, contaminated drain water mixing inside",synthetic_seed_v1,formal_or_detailed,23.6693,86.1511,synthetic_district_centroid_for_demo,test
JH-26043-0009,Dumka,Shikaripara,Mukhiya / PRI Rep,Low,09-07-2026,water_management,,"Community well contaminated with animal carcass and dirt, needs chlorination immediately",synthetic_seed_v1,short_complaint,24.2676,87.2497,synthetic_district_centroid_for_demo,train
JH-26043-0010,Bokaro,Bermo,Ward Member (ULB),High,22-04-2026,water_management,healthcare,"Solar powered water pump inverter stolen, 40 tribal households left without tap connection",synthetic_seed_v1,formal_or_detailed,23.6693,86.1511,synthetic_district_centroid_for_demo,train
JH-26043-0011,Dhanbad,Topchanchi,Mukhiya / PRI Rep,Medium,15-03-2026,water_management,,"Open pond drying up fast, village cattle have no source for bathing or drinking",synthetic_seed_v1,formal_or_detailed,23.7957,86.4304,synthetic_district_centroid_for_demo,train
JH-26043-0012,Dumka,Saraiyahat,Mukhiya / PRI Rep,High,08-01-2026,water_management,sanitation,Water supply scheme Jal Jeevan Mission pipes laid but no source connection given yet,synthetic_seed_v1,formal_or_detailed,24.2676,87.2497,synthetic_district_centroid_for_demo,validation
JH-26043-0013,Bokaro,Gumia,Ward Member (ULB),Low,19-04-2026,water_management,healthcare,Heavy mud and silt coming out of public borewell after heavy rainfall in block,synthetic_seed_v1,formal_or_detailed,23.6693,86.1511,synthetic_district_centroid_for_demo,train
JH-26043-0014,Hazaribagh,Chauparan,SHG Leader (Sakhi Mandal),Critical,09-03-2026,water_management,agriculture,"Water distribution limited to powerful families in main tola, neglected lower tola",synthetic_seed_v1,formal_or_detailed,23.9966,85.3691,synthetic_district_centroid_for_demo,train
JH-26043-0015,Hazaribagh,Katkamsandi,Local Youth Group,High,19-07-2026,water_management,,Public water filtration unit installed at health sub-centre broken and abandoned,synthetic_seed_v1,short_complaint,23.9966,85.3691,synthetic_district_centroid_for_demo,validation
JH-26043-0016,Bokaro,Bermo,Mukhiya / PRI Rep,Critical,25-02-2026,water_management,sanitation,"Natural hill stream tapped by private crusher plant, village stream flow stopped",synthetic_seed_v1,formal_or_detailed,23.6693,86.1511,synthetic_district_centroid_for_demo,train
JH-26043-0017,Dhanbad,Baghmara,Mukhiya / PRI Rep,Critical,13-02-2026,water_management,,"Groundwater contaminated by iron deposits, white clothes turning orange when washed",synthetic_seed_v1,short_complaint,23.7957,86.4304,synthetic_district_centroid_for_demo,train
JH-26043-0018,West Singhbhum,Jhinkpani,Ward Member (ULB),Low,22-02-2026,water_management,healthcare,"Lift irrigation motor submerged in flood silt and burnt, repair grant pending",synthetic_seed_v1,formal_or_detailed,22.557,85.581,synthetic_district_centroid_for_demo,train
JH-26043-0019,Bokaro,Chas,Ward Member (ULB),Critical,15-03-2026,water_management,sanitation,Rooftop rainwater harvesting tank at Panchayat Bhavan damaged with wide wall cracks,synthetic_seed_v1,formal_or_detailed,23.6693,86.1511,synthetic_district_centroid_for_demo,train
JH-26043-0020,Dumka,Saraiyahat,Mukhiya / PRI Rep,Low,27-05-2026,water_management,agriculture,Water meter billing exorbitant amounts despite zero water supply in municipal ward,synthetic_seed_v1,formal_or_detailed,24.2676,87.2497,synthetic_district_centroid_for_demo,train
JH-26043-0021,East Singhbhum,Golmuri,Mukhiya / PRI Rep,Low,16-06-2026,water_management,sanitation,"Defunct handpump parts stolen by miscreants, tube completely blocked with stones",synthetic_seed_v1,short_complaint,22.8046,86.2029,synthetic_district_centroid_for_demo,test
JH-26043-0022,Dhanbad,Govindpur,Ward Member (ULB),Medium,08-01-2026,water_management,sanitation,"Village pond embankments breached due to sudden downpour, flooded adjacent farmland",synthetic_seed_v1,short_complaint,23.7957,86.4304,synthetic_district_centroid_for_demo,validation
JH-26043-0023,Dhanbad,Nirsa,Villager / Citizen,Medium,22-03-2026,water_management,,Drinking water kiosk at weekly haat bazaar broken and non-operational for months,synthetic_seed_v1,formal_or_detailed,23.7957,86.4304,synthetic_district_centroid_for_demo,train
JH-26043-0024,East Singhbhum,Golmuri,Local Youth Group,Critical,18-04-2026,water_management,agriculture,Private commercial tankers extracting groundwater illegally using high-capacity borewells,synthetic_seed_v1,short_complaint,22.8046,86.2029,synthetic_district_centroid_for_demo,train
JH-26043-0025,Dumka,Jarmundi,Ward Member (ULB),Critical,06-01-2026,water_management,agriculture,Water testing laboratory report not delivered despite sample collection 4 months back,synthetic_seed_v1,formal_or_detailed,24.2676,87.2497,synthetic_district_centroid_for_demo,test
JH-26043-0026,Hazaribagh,Barhi,Ward Member (ULB),Low,19-04-2026,water_management,agriculture,"Overhead tank cleaning not done for 3 years, green algae and sludge inside",synthetic_seed_v1,formal_or_detailed,23.9966,85.3691,synthetic_district_centroid_for_demo,train
JH-26043-0027,Ranchi,Kanke,Villager / Citizen,Medium,02-02-2026,water_management,healthcare,"Water pipeline valve jammed in closed position, half the colony facing severe crisis",synthetic_seed_v1,formal_or_detailed,23.3441,85.3096,synthetic_district_centroid_for_demo,train
JH-26043-0028,Dhanbad,Topchanchi,Mukhiya / PRI Rep,High,07-08-2026,water_management,agriculture,"River catchment degraded due to illegal bunding, local intake well running empty",synthetic_seed_v1,formal_or_detailed,23.7957,86.4304,synthetic_district_centroid_for_demo,test
JH-26043-0029,West Singhbhum,Chakradharpur,SHG Leader (Sakhi Mandal),Critical,04-04-2026,water_management,sanitation,"Public tap standposts broken by cattle, continuous water logging in village lane",synthetic_seed_v1,formal_or_detailed,22.557,85.581,synthetic_district_centroid_for_demo,train
JH-26043-0030,Palamu,Satbarwa,SHG Leader (Sakhi Mandal),Critical,16-02-2026,water_management,sanitation,Dry season water scarcity forcing school girls to miss classes to fetch headload pots,synthetic_seed_v1,formal_or_detailed,24.03,84.07,synthetic_district_centroid_for_demo,test
JH-26043-0031,Dhanbad,Jharia,SHG Leader (Sakhi Mandal),High,08-02-2026,agriculture,water_management,"Kharif crop damaged by kitanu (pest) attack in our block, no Krishi Mitra or agriculture officer visited",synthetic_seed_v1,formal_or_detailed,23.7957,86.4304,synthetic_district_centroid_for_demo,train
JH-26043-0032,Hazaribagh,Katkamsandi,SHG Leader (Sakhi Mandal),Medium,06-07-2026,agriculture,environment,"Fertilizer black marketing at PACS center during sowing season, DAP packet sold at 500 extra",synthetic_seed_v1,formal_or_detailed,23.9966,85.3691,synthetic_district_centroid_for_demo,test
JH-26043-0033,West Singhbhum,Chakradharpur,Villager / Citizen,Critical,02-02-2026,agriculture,rural_livelihoods,"Tamatar aur gobi rotting due to no cold storage near haat bazaar, small kisans facing heavy loss",synthetic_seed_v1,hinglish_or_local_terms,22.557,85.581,synthetic_district_centroid_for_demo,train
JH-26043-0034,Dhanbad,Baghmara,Mukhiya / PRI Rep,Critical,08-02-2026,agriculture,water_management,Paddy seeds distributed under subsidy scheme had poor germination rate below 30%,synthetic_seed_v1,formal_or_detailed,23.7957,86.4304,synthetic_district_centroid_for_demo,validation
JH-26043-0035,Palamu,Daltonganj,Mukhiya / PRI Rep,Critical,13-01-2026,agriculture,environment,Fall armyworm pest destroying maize crops across 200 acres in panchayat,synthetic_seed_v1,short_complaint,24.03,84.07,synthetic_district_centroid_for_demo,train
JH-26043-0036,West Singhbhum,Majhgaon,SHG Leader (Sakhi Mandal),Critical,07-03-2026,agriculture,environment,"Unseasonal hailstorm destroyed standing mustard crop, crop insurance survey not started",synthetic_seed_v1,hinglish_or_local_terms,22.557,85.581,synthetic_district_centroid_for_demo,train
JH-26043-0037,Hazaribagh,Barhi,Local Youth Group,Low,02-06-2026,agriculture,rural_livelihoods,Soil health card testing laboratory report never provided to farmers after soil collection,synthetic_seed_v1,formal_or_detailed,23.9966,85.3691,synthetic_district_centroid_for_demo,train
JH-26043-0038,West Singhbhum,Jhinkpani,Local Youth Group,Medium,17-01-2026,agriculture,rural_livelihoods,Locally built solar grain dryer non-functional due to damaged heating element,synthetic_seed_v1,short_complaint,22.557,85.581,synthetic_district_centroid_for_demo,train
JH-26043-0039,East Singhbhum,Ghatshila,Local Youth Group,Low,13-04-2026,agriculture,rural_livelihoods,Wild elephants destroying mature paddy standing fields near reserve forest border,synthetic_seed_v1,short_complaint,22.8046,86.2029,synthetic_district_centroid_for_demo,validation
JH-26043-0040,Hazaribagh,Katkamsandi,Local Youth Group,Low,14-02-2026,agriculture,environment,Kisan Credit Card loan applications rejected by rural bank branch manager without reason,synthetic_seed_v1,hinglish_or_local_terms,23.9966,85.3691,synthetic_district_centroid_for_demo,train
JH-26043-0041,Dumka,Ranishwar,Ward Member (ULB),Medium,13-05-2026,agriculture,water_management,Lack of certified vegetable seeds forcing farmers to purchase substandard spurious seeds,synthetic_seed_v1,formal_or_detailed,24.2676,87.2497,synthetic_district_centroid_for_demo,train
JH-26043-0042,Dumka,Jarmundi,Ward Member (ULB),Low,15-01-2026,agriculture,rural_livelihoods,Drip irrigation subsidy files stuck in district horticulture office for 9 months,synthetic_seed_v1,formal_or_detailed,24.2676,87.2497,synthetic_district_centroid_for_demo,train
JH-26043-0043,Dhanbad,Topchanchi,Mukhiya / PRI Rep,High,12-03-2026,agriculture,rural_livelihoods,"No government procurement mandi for millets, tribal farmers forced into distress sale",synthetic_seed_v1,formal_or_detailed,23.7957,86.4304,synthetic_district_centroid_for_demo,train
JH-26043-0044,Hazaribagh,Ichak,Ward Member (ULB),Medium,15-05-2026,agriculture,environment,Severe fungal blast disease infecting finger millet (marua) crops in hilly pockets,synthetic_seed_v1,formal_or_detailed,23.9966,85.3691,synthetic_district_centroid_for_demo,test
JH-26043-0045,Ranchi,Bero,Ward Member (ULB),Low,09-03-2026,agriculture,rural_livelihoods,Custom Hiring Centre tractors and rotavators kept locked by PACS president for personal use,synthetic_seed_v1,formal_or_detailed,23.3441,85.3096,synthetic_district_centroid_for_demo,train
JH-26043-0046,Dhanbad,Topchanchi,Mukhiya / PRI Rep,High,20-05-2026,agriculture,water_management,Groundnut harvest rotting in open fields due to lack of tarpaulin sheets and drying yards,synthetic_seed_v1,formal_or_detailed,23.7957,86.4304,synthetic_district_centroid_for_demo,train
JH-26043-0047,Bokaro,Bermo,Ward Member (ULB),Critical,28-05-2026,agriculture,rural_livelihoods,High salinity in irrigated land due to continuous unscientific chemical fertilizer use,synthetic_seed_v1,formal_or_detailed,23.6693,86.1511,synthetic_district_centroid_for_demo,train
JH-26043-0048,Dhanbad,Nirsa,Ward Member (ULB),Low,11-01-2026,agriculture,water_management,Organic certification renewal process too complex and expensive for small farmer FPOs,synthetic_seed_v1,formal_or_detailed,23.7957,86.4304,synthetic_district_centroid_for_demo,test
JH-26043-0049,Dumka,Ranishwar,SHG Leader (Sakhi Mandal),Critical,04-01-2026,agriculture,rural_livelihoods,Potato cold storage charging double rent during peak harvest season,synthetic_seed_v1,short_complaint,24.2676,87.2497,synthetic_district_centroid_for_demo,train
JH-26043-0050,East Singhbhum,Patamda,Villager / Citizen,High,14-03-2026,agriculture,water_management,No veterinary doctor available to treat foot and mouth disease outbreak in cattle,synthetic_seed_v1,formal_or_detailed,22.8046,86.2029,synthetic_district_centroid_for_demo,validation
JH-26043-0051,Ranchi,Ormanjhi,Ward Member (ULB),Low,07-06-2026,agriculture,water_management,Lack of mini-dal mill forcing arhar pulse farmers to sell raw crop at low prices,synthetic_seed_v1,formal_or_detailed,23.3441,85.3096,synthetic_district_centroid_for_demo,validation
JH-26043-0052,Dhanbad,Govindpur,Local Youth Group,Critical,08-03-2026,agriculture,water_management,Termite infestation destroying sugarcane root stems in riverbank farming belts,synthetic_seed_v1,short_complaint,23.7957,86.4304,synthetic_district_centroid_for_demo,train
JH-26043-0053,East Singhbhum,Baharagora,Villager / Citizen,Medium,26-06-2026,agriculture,,Farmer training on zero budget natural farming promised under ATMA scheme never conducted,synthetic_seed_v1,formal_or_detailed,22.8046,86.2029,synthetic_district_centroid_for_demo,train
JH-26043-0054,Hazaribagh,Ichak,Mukhiya / PRI Rep,Low,28-07-2026,agriculture,rural_livelihoods,Biopesticide supply expired stock delivered at block agriculture distribution depot,synthetic_seed_v1,short_complaint,23.9966,85.3691,synthetic_district_centroid_for_demo,train
JH-26043-0055,West Singhbhum,Chakradharpur,Mukhiya / PRI Rep,Critical,10-06-2026,agriculture,water_management,Subsidized power connection for agricultural tube wells pending inspection for 1 year,synthetic_seed_v1,formal_or_detailed,22.557,85.581,synthetic_district_centroid_for_demo,test
JH-26043-0056,Hazaribagh,Barhi,Mukhiya / PRI Rep,Critical,09-06-2026,agriculture,rural_livelihoods,Lac cultivation host trees (kusum/ber) dying due to unknown insect pest infestation,synthetic_seed_v1,formal_or_detailed,23.9966,85.3691,synthetic_district_centroid_for_demo,test
JH-26043-0057,Dumka,Jama,Local Youth Group,Critical,01-06-2026,agriculture,rural_livelihoods,Mushroom spawn bags contaminated and spoiling within days of purchase from private vendor,synthetic_seed_v1,formal_or_detailed,24.2676,87.2497,synthetic_district_centroid_for_demo,train
JH-26043-0058,Dumka,Ranishwar,Local Youth Group,High,04-01-2026,agriculture,,Lack of cattle feed and silage preparation equipment leading to drastic drop in milk yield,synthetic_seed_v1,formal_or_detailed,24.2676,87.2497,synthetic_district_centroid_for_demo,validation
JH-26043-0059,Bokaro,Chandankiyari,SHG Leader (Sakhi Mandal),Low,19-07-2026,agriculture,water_management,No processing unit for tomato surplus leading to dumping on state highway every winter,synthetic_seed_v1,formal_or_detailed,23.6693,86.1511,synthetic_district_centroid_for_demo,train
JH-26043-0060,Dumka,Shikaripara,SHG Leader (Sakhi Mandal),Low,12-04-2026,agriculture,,Small farmers cheated with counterfeit pesticide bottles purchased from unregistered shop,synthetic_seed_v1,short_complaint,24.2676,87.2497,synthetic_district_centroid_for_demo,train
JH-26043-0061,Dhanbad,Govindpur,Local Youth Group,High,24-02-2026,healthcare,accessibility,"CHC (Community Health Centre) has no lady doctor, pregnant women forced to travel 40km to district hospital",synthetic_seed_v1,formal_or_detailed,23.7957,86.4304,synthetic_district_centroid_for_demo,test
JH-26043-0062,Dumka,Jarmundi,Ward Member (ULB),Critical,18-05-2026,healthcare,water_management,"Primary health centre doctor and ANM didi absent on duty days, no snakebite anti-venom in emergency stock",synthetic_seed_v1,hinglish_or_local_terms,24.2676,87.2497,synthetic_district_centroid_for_demo,validation
JH-26043-0063,Hazaribagh,Chauparan,SHG Leader (Sakhi Mandal),Medium,13-05-2026,healthcare,sanitation,108 Ambulance arrived after 3 hours for delivery emergency in remote tribal tola,synthetic_seed_v1,formal_or_detailed,23.9966,85.3691,synthetic_district_centroid_for_demo,test
JH-26043-0064,Dumka,Jama,Mukhiya / PRI Rep,Critical,15-06-2026,healthcare,,"Diagnostic lab at sub-divisional hospital broken, patients forced to pay expensive private labs",synthetic_seed_v1,formal_or_detailed,24.2676,87.2497,synthetic_district_centroid_for_demo,train
JH-26043-0065,West Singhbhum,Chakradharpur,Local Youth Group,Critical,22-03-2026,healthcare,sanitation,"Malaria and falciparum cases rising rapidly in village, no DDT spray or mosquito net distribution",synthetic_seed_v1,formal_or_detailed,22.557,85.581,synthetic_district_centroid_for_demo,test
JH-26043-0066,Dumka,Saraiyahat,Local Youth Group,High,27-02-2026,healthcare,water_management,"Health sub-centre building in dilapidated condition with no roof, vaccination held under tree",synthetic_seed_v1,formal_or_detailed,24.2676,87.2497,synthetic_district_centroid_for_demo,train
JH-26043-0067,Dumka,Ranishwar,Mukhiya / PRI Rep,Medium,02-01-2026,healthcare,water_management,Shortage of essential antibiotics and iron-folic acid tablets at primary health centre,synthetic_seed_v1,formal_or_detailed,24.2676,87.2497,synthetic_district_centroid_for_demo,train
JH-26043-0068,West Singhbhum,Jhinkpani,Villager / Citizen,Critical,21-07-2026,healthcare,water_management,Tuberculosis patients not receiving monthly nutritional DBT cash transfer under Nikshay scheme,synthetic_seed_v1,formal_or_detailed,22.557,85.581,synthetic_district_centroid_for_demo,train
JH-26043-0069,Palamu,Patan,SHG Leader (Sakhi Mandal),Medium,21-03-2026,healthcare,sanitation,"No ultrasound technician available at district hospital, expectant mothers waiting in long queues",synthetic_seed_v1,formal_or_detailed,24.03,84.07,synthetic_district_centroid_for_demo,train
JH-26043-0070,Dhanbad,Nirsa,Mukhiya / PRI Rep,Medium,12-08-2026,healthcare,water_management,High prevalence of sickle cell anemia in tribal children with no screening facility in block,synthetic_seed_v1,formal_or_detailed,23.7957,86.4304,synthetic_district_centroid_for_demo,train
JH-26043-0071,Dhanbad,Nirsa,Mukhiya / PRI Rep,Critical,25-06-2026,healthcare,,"Immunization cold chain refrigerator non-functional due to erratic power cuts, vaccines spoiling",synthetic_seed_v1,hinglish_or_local_terms,23.7957,86.4304,synthetic_district_centroid_for_demo,train
JH-26043-0072,Palamu,Chhatarpur,SHG Leader (Sakhi Mandal),Medium,01-08-2026,healthcare,accessibility,No burn unit or specialized trauma centre within 60 km radius of mining industrial belt,synthetic_seed_v1,formal_or_detailed,24.03,84.07,synthetic_district_centroid_for_demo,train
JH-26043-0073,Hazaribagh,Ichak,Local Youth Group,Critical,09-04-2026,healthcare,,Mobile Medical Unit visit cancelled repeatedly for 4 months in remote forest settlements,synthetic_seed_v1,formal_or_detailed,23.9966,85.3691,synthetic_district_centroid_for_demo,train
JH-26043-0074,Dhanbad,Govindpur,Mukhiya / PRI Rep,High,11-06-2026,healthcare,sanitation,Severely acutely malnourished (SAM) children unable to get admission in Nutrition Rehabilitation Centre,synthetic_seed_v1,formal_or_detailed,23.7957,86.4304,synthetic_district_centroid_for_demo,train
JH-26043-0075,East Singhbhum,Potka,Mukhiya / PRI Rep,Critical,23-03-2026,healthcare,water_management,Private chemist shops selling prescription drugs without doctor prescription near hospital,synthetic_seed_v1,short_complaint,22.8046,86.2029,synthetic_district_centroid_for_demo,train
JH-26043-0076,Dhanbad,Nirsa,SHG Leader (Sakhi Mandal),High,15-08-2026,healthcare,sanitation,Mental health counseling services completely absent in rural community health centres,synthetic_seed_v1,short_complaint,23.7957,86.4304,synthetic_district_centroid_for_demo,train
JH-26043-0077,Hazaribagh,Chauparan,SHG Leader (Sakhi Mandal),Low,16-07-2026,healthcare,sanitation,No incinerator or proper biomedical waste disposal system at community health centre,synthetic_seed_v1,formal_or_detailed,23.9966,85.3691,synthetic_district_centroid_for_demo,validation
JH-26043-0078,Bokaro,Chandankiyari,SHG Leader (Sakhi Mandal),Critical,16-04-2026,healthcare,water_management,Snakebite deaths occurring regularly due to primary health centre having expired antivenom vials,synthetic_seed_v1,formal_or_detailed,23.6693,86.1511,synthetic_district_centroid_for_demo,train
JH-26043-0079,Dumka,Jarmundi,SHG Leader (Sakhi Mandal),Low,11-07-2026,healthcare,,"No blood bank facility at sub-divisional hospital, requiring emergency travel to Ranchi",synthetic_seed_v1,formal_or_detailed,24.2676,87.2497,synthetic_district_centroid_for_demo,validation
JH-26043-0080,East Singhbhum,Baharagora,Mukhiya / PRI Rep,Low,19-07-2026,healthcare,sanitation,"Dental check-up chair non-functional for past two years, dentist doing only tooth extractions",synthetic_seed_v1,hinglish_or_local_terms,22.8046,86.2029,synthetic_district_centroid_for_demo,train
JH-26043-0081,Dhanbad,Nirsa,Mukhiya / PRI Rep,Critical,02-03-2026,healthcare,accessibility,Cataract surgery camp operated by unregistered clinic caused severe post-op infections,synthetic_seed_v1,short_complaint,23.7957,86.4304,synthetic_district_centroid_for_demo,train
JH-26043-0082,Palamu,Satbarwa,Mukhiya / PRI Rep,Critical,11-06-2026,healthcare,,Lack of clean linen and drinking water in post-delivery maternal recovery ward,synthetic_seed_v1,formal_or_detailed,24.03,84.07,synthetic_district_centroid_for_demo,train
JH-26043-0083,Dumka,Jarmundi,Ward Member (ULB),Low,26-08-2026,healthcare,sanitation,Emergency ward roof leaking directly onto patient beds during rainy season,synthetic_seed_v1,short_complaint,24.2676,87.2497,synthetic_district_centroid_for_demo,validation
JH-26043-0084,Bokaro,Bermo,Villager / Citizen,Low,08-01-2026,healthcare,water_management,Shortage of trained nurses and technicians in special newborn care unit (SNCU),synthetic_seed_v1,formal_or_detailed,23.6693,86.1511,synthetic_district_centroid_for_demo,train
JH-26043-0085,Ranchi,Bero,Mukhiya / PRI Rep,Medium,16-03-2026,healthcare,sanitation,No testing kits available for screening hepatitis and HIV in peripheral dispensary,synthetic_seed_v1,formal_or_detailed,23.3441,85.3096,synthetic_district_centroid_for_demo,train
JH-26043-0086,Hazaribagh,Chauparan,Ward Member (ULB),High,20-03-2026,healthcare,sanitation,Rabies anti-rabies vaccine out of stock in block hospital after stray dog bite incidents,synthetic_seed_v1,formal_or_detailed,23.9966,85.3691,synthetic_district_centroid_for_demo,train
JH-26043-0087,East Singhbhum,Golmuri,Villager / Citizen,Low,19-05-2026,healthcare,,Dialysis machines installed at district hospital lying unused due to lack of nephrologist,synthetic_seed_v1,formal_or_detailed,22.8046,86.2029,synthetic_district_centroid_for_demo,train
JH-26043-0088,Palamu,Panki,Villager / Citizen,Medium,23-02-2026,healthcare,accessibility,Quacks and unregistered medical practitioners giving unsafe IV injections in villages,synthetic_seed_v1,short_complaint,24.03,84.07,synthetic_district_centroid_for_demo,validation
JH-26043-0089,Dhanbad,Topchanchi,Villager / Citizen,High,22-07-2026,healthcare,accessibility,Oxygen pipeline leakage in trauma ward not repaired despite formal complaints,synthetic_seed_v1,short_complaint,23.7957,86.4304,synthetic_district_centroid_for_demo,train
JH-26043-0090,Dhanbad,Topchanchi,Ward Member (ULB),Low,27-07-2026,healthcare,,ASHA workers not paid state incentive allowances for institutional delivery facilitation,synthetic_seed_v1,short_complaint,23.7957,86.4304,synthetic_district_centroid_for_demo,train
JH-26043-0091,Dhanbad,Nirsa,Ward Member (ULB),Critical,14-03-2026,education,accessibility,"Utkramit Madhya Vidyalaya has only 1 master for 5 classes, science aur maths lab completely non-functional",synthetic_seed_v1,formal_or_detailed,23.7957,86.4304,synthetic_district_centroid_for_demo,train
JH-26043-0092,Dumka,Saraiyahat,Local Youth Group,Critical,01-06-2026,education,,"Anganwadi center building roof leaking heavily in monsoon, poshan aahaar distribution disrupted",synthetic_seed_v1,hinglish_or_local_terms,24.2676,87.2497,synthetic_district_centroid_for_demo,train
JH-26043-0093,Dumka,Jama,Mukhiya / PRI Rep,Low,15-05-2026,education,accessibility,High school girls dropping out due to non-functional separate toilets and boundary wall absence,synthetic_seed_v1,formal_or_detailed,24.2676,87.2497,synthetic_district_centroid_for_demo,train
JH-26043-0094,West Singhbhum,Jhinkpani,Local Youth Group,Critical,01-06-2026,education,public_administration,"Government primary school has no electricity connection, students studying in extreme summer heat",synthetic_seed_v1,formal_or_detailed,22.557,85.581,synthetic_district_centroid_for_demo,train
JH-26043-0095,Bokaro,Bermo,SHG Leader (Sakhi Mandal),Medium,26-06-2026,education,public_administration,Mid-day meal rice delivered to school infested with insects and fungus,synthetic_seed_v1,short_complaint,23.6693,86.1511,synthetic_district_centroid_for_demo,train
JH-26043-0096,Bokaro,Chandankiyari,Local Youth Group,High,17-01-2026,education,accessibility,"Free textbook distribution delayed by 5 months, students attending class without study materials",synthetic_seed_v1,formal_or_detailed,23.6693,86.1511,synthetic_district_centroid_for_demo,train
JH-26043-0097,Dhanbad,Baghmara,SHG Leader (Sakhi Mandal),Critical,23-04-2026,education,public_administration,No computer instructor for ICT computer lab setup under PM-eVIDYA scheme,synthetic_seed_v1,short_complaint,23.7957,86.4304,synthetic_district_centroid_for_demo,train
JH-26043-0098,West Singhbhum,Manoharpur,Villager / Citizen,Low,08-05-2026,education,public_administration,School playground encroached by private vehicles and construction material dump,synthetic_seed_v1,short_complaint,22.557,85.581,synthetic_district_centroid_for_demo,test
JH-26043-0099,Hazaribagh,Ichak,Local Youth Group,High,14-08-2026,education,,"Drinking water filter at high school broken, students drinking untreated muddy tap water",synthetic_seed_v1,formal_or_detailed,23.9966,85.3691,synthetic_district_centroid_for_demo,train
JH-26043-0100,Bokaro,Gumia,Local Youth Group,High,23-06-2026,education,public_administration,Primary school operating in single tin-shed room after storm blew away classroom roof,synthetic_seed_v1,formal_or_detailed,23.6693,86.1511,synthetic_district_centroid_for_demo,train
JH-26043-0101,Dumka,Jama,Ward Member (ULB),Medium,24-02-2026,education,accessibility,"No tribal language (Ho, Santhali, Mundari) primary instruction teachers in early grades",synthetic_seed_v1,formal_or_detailed,24.2676,87.2497,synthetic_district_centroid_for_demo,train
JH-26043-0102,Bokaro,Chas,Local Youth Group,Medium,07-04-2026,education,,"Science practical equipment locked in trunks, students never performed physics or chemistry experiments",synthetic_seed_v1,formal_or_detailed,23.6693,86.1511,synthetic_district_centroid_for_demo,train
JH-26043-0103,West Singhbhum,Majhgaon,Local Youth Group,High,27-02-2026,education,accessibility,"Kasturba Gandhi Balika Vidyalaya boundary wall collapsed, raising security concerns for girls",synthetic_seed_v1,formal_or_detailed,22.557,85.581,synthetic_district_centroid_for_demo,train
JH-26043-0104,Dumka,Ranishwar,Ward Member (ULB),Medium,01-05-2026,education,,Library room converted into storage room for election ballot boxes and unused furniture,synthetic_seed_v1,formal_or_detailed,24.2676,87.2497,synthetic_district_centroid_for_demo,validation
JH-26043-0105,East Singhbhum,Golmuri,Villager / Citizen,Low,23-05-2026,education,accessibility,Special educator for children with learning disabilities and visual impairment not appointed,synthetic_seed_v1,formal_or_detailed,22.8046,86.2029,synthetic_district_centroid_for_demo,test
JH-26043-0106,West Singhbhum,Chaibasa,Villager / Citizen,High,21-08-2026,education,public_administration,School dropout rate soaring among secondary boys to work as casual wage laborers,synthetic_seed_v1,formal_or_detailed,22.557,85.581,synthetic_district_centroid_for_demo,validation
JH-26043-0107,Bokaro,Bermo,Villager / Citizen,High,22-08-2026,education,accessibility,"School management committee meetings not conducted for 2 years, funds unutilized",synthetic_seed_v1,short_complaint,23.6693,86.1511,synthetic_district_centroid_for_demo,train
JH-26043-0108,Palamu,Patan,Villager / Citizen,Low,05-03-2026,education,,Smart classroom projector and screen lying broken after electrical power surge,synthetic_seed_v1,short_complaint,24.03,84.07,synthetic_district_centroid_for_demo,test
JH-26043-0109,Dumka,Shikaripara,Mukhiya / PRI Rep,Low,20-07-2026,education,,"No bridge across local canal, children unable to reach primary school during monsoons",synthetic_seed_v1,formal_or_detailed,24.2676,87.2497,synthetic_district_centroid_for_demo,train
JH-26043-0110,Hazaribagh,Katkamsandi,SHG Leader (Sakhi Mandal),Critical,04-08-2026,education,,Teacher absenteeism chronic in remote forest schools with no biometric attendance tracking,synthetic_seed_v1,formal_or_detailed,23.9966,85.3691,synthetic_district_centroid_for_demo,train
JH-26043-0111,Palamu,Satbarwa,Local Youth Group,Low,25-02-2026,education,accessibility,Pre-matric scholarship portal crashing repeatedly before application deadline,synthetic_seed_v1,short_complaint,24.03,84.07,synthetic_district_centroid_for_demo,test
JH-26043-0112,Hazaribagh,Ichak,Villager / Citizen,Medium,06-04-2026,education,,Desk and bench shortage forcing 60 children to sit on damp concrete floor in winter,synthetic_seed_v1,formal_or_detailed,23.9966,85.3691,synthetic_district_centroid_for_demo,train
JH-26043-0113,Dhanbad,Baghmara,Villager / Citizen,Critical,16-03-2026,education,,Hostel kitchen at tribal residential school operating in unsanitary unhygienic conditions,synthetic_seed_v1,short_complaint,23.7957,86.4304,synthetic_district_centroid_for_demo,validation
JH-26043-0114,West Singhbhum,Majhgaon,Villager / Citizen,Medium,23-05-2026,education,public_administration,Sports equipment sanctioned for school never delivered by district sports office,synthetic_seed_v1,short_complaint,22.557,85.581,synthetic_district_centroid_for_demo,validation
JH-26043-0115,West Singhbhum,Chaibasa,Mukhiya / PRI Rep,High,14-04-2026,education,accessibility,Lack of career counseling leading to students dropping out after matriculation exams,synthetic_seed_v1,formal_or_detailed,22.557,85.581,synthetic_district_centroid_for_demo,validation
JH-26043-0116,Hazaribagh,Barkagaon,Ward Member (ULB),Medium,02-02-2026,education,accessibility,Primary school situated right beside national highway with no safety speed breakers,synthetic_seed_v1,formal_or_detailed,23.9966,85.3691,synthetic_district_centroid_for_demo,validation
JH-26043-0117,Dumka,Saraiyahat,Local Youth Group,High,04-08-2026,education,public_administration,Anganwadi center weighing scales and growth monitoring charts broken and unavailable,synthetic_seed_v1,short_complaint,24.2676,87.2497,synthetic_district_centroid_for_demo,train
JH-26043-0118,Dumka,Jarmundi,Ward Member (ULB),Critical,06-03-2026,education,,Sanitary pad vending machines installed in girls high school broken and unstocked,synthetic_seed_v1,formal_or_detailed,24.2676,87.2497,synthetic_district_centroid_for_demo,test
JH-26043-0119,Ranchi,Ratu,Ward Member (ULB),High,03-01-2026,education,accessibility,"Vocational training courses (plumbing, IT) promised for class 9-12 never introduced",synthetic_seed_v1,short_complaint,23.3441,85.3096,synthetic_district_centroid_for_demo,train
JH-26043-0120,Ranchi,Ormanjhi,Local Youth Group,Low,16-03-2026,education,,Fire extinguisher cylinders in middle school expired 4 years ago without inspection,synthetic_seed_v1,formal_or_detailed,23.3441,85.3096,synthetic_district_centroid_for_demo,test
JH-26043-0121,West Singhbhum,Majhgaon,Mukhiya / PRI Rep,Critical,05-01-2026,sanitation,,"Nallah overflowing near basti, kachra not lifted by Safai Karmi for 25 days, severe stink and dengue risk",synthetic_seed_v1,formal_or_detailed,22.557,85.581,synthetic_district_centroid_for_demo,train
JH-26043-0122,Bokaro,Gumia,Ward Member (ULB),High,28-02-2026,sanitation,healthcare,"Community toilet built under Swachh Bharat has no running pani or bijli, locked since inauguration",synthetic_seed_v1,hinglish_or_local_terms,23.6693,86.1511,synthetic_district_centroid_for_demo,train
JH-26043-0123,Bokaro,Gumia,SHG Leader (Sakhi Mandal),High,27-07-2026,sanitation,water_management,Open dumping of solid waste near weekly haat creating hygiene hazard in panchayat area,synthetic_seed_v1,formal_or_detailed,23.6693,86.1511,synthetic_district_centroid_for_demo,train
JH-26043-0124,West Singhbhum,Chaibasa,Ward Member (ULB),High,04-06-2026,sanitation,,"Soak pits overflowing into unpaved village road, creating stagnant breeding grounds for mosquitoes",synthetic_seed_v1,formal_or_detailed,22.557,85.581,synthetic_district_centroid_for_demo,train
JH-26043-0125,Ranchi,Bero,SHG Leader (Sakhi Mandal),Critical,07-01-2026,sanitation,urban_infrastructure,Septic tank suction vehicle charging illegal exorbitant fee from rural households,synthetic_seed_v1,short_complaint,23.3441,85.3096,synthetic_district_centroid_for_demo,test
JH-26043-0126,West Singhbhum,Manoharpur,Villager / Citizen,Medium,18-05-2026,sanitation,healthcare,Public urinal in bus stand overflowing with human waste and emitting unbearable odor,synthetic_seed_v1,formal_or_detailed,22.557,85.581,synthetic_district_centroid_for_demo,train
JH-26043-0127,Dumka,Jarmundi,SHG Leader (Sakhi Mandal),Low,21-01-2026,sanitation,healthcare,Garbage tipper trucks not visiting peripheral municipal wards for weeks at a stretch,synthetic_seed_v1,formal_or_detailed,24.2676,87.2497,synthetic_district_centroid_for_demo,train
JH-26043-0128,East Singhbhum,Golmuri,Local Youth Group,Low,03-07-2026,sanitation,healthcare,Hospital biomedical waste dumped openly behind municipality boundary wall,synthetic_seed_v1,short_complaint,22.8046,86.2029,synthetic_district_centroid_for_demo,train
JH-26043-0129,Dhanbad,Nirsa,Villager / Citizen,Medium,17-01-2026,sanitation,urban_infrastructure,"Sanitation workers operating without gloves, boots, masks, or health insurance coverage",synthetic_seed_v1,short_complaint,23.7957,86.4304,synthetic_district_centroid_for_demo,train
JH-26043-0130,Dumka,Jarmundi,SHG Leader (Sakhi Mandal),Critical,15-04-2026,sanitation,healthcare,Plastics and thermocol waste burnt openly in roadside vacant plots causing toxic fumes,synthetic_seed_v1,formal_or_detailed,24.2676,87.2497,synthetic_district_centroid_for_demo,train
JH-26043-0131,Palamu,Panki,Local Youth Group,Medium,09-02-2026,sanitation,,Sewer pipeline choked and backing up into residential house bathrooms during rains,synthetic_seed_v1,formal_or_detailed,24.03,84.07,synthetic_district_centroid_for_demo,train
JH-26043-0132,Bokaro,Kasmar,Ward Member (ULB),Low,24-05-2026,sanitation,urban_infrastructure,Lack of drainage slope causing graywater stagnation in front of every courtyard,synthetic_seed_v1,formal_or_detailed,23.6693,86.1511,synthetic_district_centroid_for_demo,train
JH-26043-0133,West Singhbhum,Chakradharpur,SHG Leader (Sakhi Mandal),Critical,11-06-2026,sanitation,,Carcass of dead cattle lying on roadside for three days with no sanitary disposal service,synthetic_seed_v1,formal_or_detailed,22.557,85.581,synthetic_district_centroid_for_demo,train
JH-26043-0134,West Singhbhum,Majhgaon,Mukhiya / PRI Rep,Medium,08-07-2026,sanitation,,Fecal sludge treatment plant constructed at district town not functioning due to power dispute,synthetic_seed_v1,formal_or_detailed,22.557,85.581,synthetic_district_centroid_for_demo,train
JH-26043-0135,Ranchi,Ormanjhi,SHG Leader (Sakhi Mandal),Critical,22-07-2026,sanitation,healthcare,Meat and fish waste dumped directly into open drain by market vendors,synthetic_seed_v1,formal_or_detailed,23.3441,85.3096,synthetic_district_centroid_for_demo,train
JH-26043-0136,West Singhbhum,Chaibasa,Mukhiya / PRI Rep,High,28-02-2026,sanitation,,Individual household latrine subsidy payment pending for 14 months for 35 beneficiaries,synthetic_seed_v1,formal_or_detailed,22.557,85.581,synthetic_district_centroid_for_demo,validation
JH-26043-0137,Dhanbad,Topchanchi,SHG Leader (Sakhi Mandal),Low,14-03-2026,sanitation,healthcare,Drainage slab collapse created open death trap for pedestrian school children,synthetic_seed_v1,short_complaint,23.7957,86.4304,synthetic_district_centroid_for_demo,train
JH-26043-0138,Dhanbad,Nirsa,Ward Member (ULB),High,21-07-2026,sanitation,water_management,Open defecation continuing near pond banks due to incomplete toilet construction under SBM,synthetic_seed_v1,formal_or_detailed,23.7957,86.4304,synthetic_district_centroid_for_demo,train
JH-26043-0139,Bokaro,Kasmar,SHG Leader (Sakhi Mandal),High,01-02-2026,sanitation,water_management,"No community dustbins installed in marketplace, garbage littering entire shopping street",synthetic_seed_v1,short_complaint,23.6693,86.1511,synthetic_district_centroid_for_demo,train
JH-26043-0140,Dhanbad,Baghmara,Ward Member (ULB),Medium,14-02-2026,sanitation,water_management,Industrial waste sludge being dumped secretly on agricultural land by chemical factory trucks,synthetic_seed_v1,formal_or_detailed,23.7957,86.4304,synthetic_district_centroid_for_demo,train
JH-26043-0141,Dhanbad,Nirsa,Mukhiya / PRI Rep,High,02-01-2026,sanitation,urban_infrastructure,"Stormwater drains completely silted up with plastic bags, causing urban flash floods",synthetic_seed_v1,formal_or_detailed,23.7957,86.4304,synthetic_district_centroid_for_demo,test
JH-26043-0142,Ranchi,Ormanjhi,Ward Member (ULB),High,05-07-2026,sanitation,healthcare,Public toilet fee collector demanding unauthorized fee from destitute persons,synthetic_seed_v1,short_complaint,23.3441,85.3096,synthetic_district_centroid_for_demo,train
JH-26043-0143,Palamu,Chhatarpur,Mukhiya / PRI Rep,Medium,03-03-2026,sanitation,,Liquid waste from dairy sheds flowing into common village walkway,synthetic_seed_v1,short_complaint,24.03,84.07,synthetic_district_centroid_for_demo,train
JH-26043-0144,Hazaribagh,Chauparan,Local Youth Group,Medium,15-04-2026,sanitation,urban_infrastructure,"Drain cleaning silt left piled on road pavement for weeks, washing back during rains",synthetic_seed_v1,formal_or_detailed,23.9966,85.3691,synthetic_district_centroid_for_demo,train
JH-26043-0145,West Singhbhum,Majhgaon,Villager / Citizen,Critical,22-05-2026,sanitation,healthcare,Sanitary napkin disposal mechanism absent in women college hostels and public institutions,synthetic_seed_v1,formal_or_detailed,22.557,85.581,synthetic_district_centroid_for_demo,train
JH-26043-0146,Dhanbad,Nirsa,Ward Member (ULB),High,23-07-2026,sanitation,urban_infrastructure,Dry toilet converted into manual scavenging without rehabilitation of sanitary worker,synthetic_seed_v1,short_complaint,23.7957,86.4304,synthetic_district_centroid_for_demo,train
JH-26043-0147,West Singhbhum,Majhgaon,Mukhiya / PRI Rep,Critical,08-06-2026,sanitation,healthcare,"Municipality composting yard lying abandoned, waste rotting untreated in open heaps",synthetic_seed_v1,short_complaint,22.557,85.581,synthetic_district_centroid_for_demo,validation
JH-26043-0148,Palamu,Chhatarpur,Ward Member (ULB),High,01-05-2026,sanitation,,Pig farming near residential drinking wells creating severe parasitic disease risks,synthetic_seed_v1,short_complaint,24.03,84.07,synthetic_district_centroid_for_demo,validation
JH-26043-0149,Dumka,Shikaripara,Local Youth Group,Low,19-06-2026,sanitation,urban_infrastructure,Construction debris dumped in drainage channels blocking free runoff flow,synthetic_seed_v1,short_complaint,24.2676,87.2497,synthetic_district_centroid_for_demo,validation
JH-26043-0150,Hazaribagh,Katkamsandi,Ward Member (ULB),Medium,20-04-2026,sanitation,urban_infrastructure,E-waste scrap dealers burning wire insulation in open residential areas releasing dioxins,synthetic_seed_v1,formal_or_detailed,23.9966,85.3691,synthetic_district_centroid_for_demo,test
JH-26043-0151,East Singhbhum,Ghatshila,Villager / Citizen,High,28-08-2026,energy,environment,"Basti transformer burnt 15 days ago, JBVNL JE not replacing it, 80 households in complete darkness",synthetic_seed_v1,formal_or_detailed,22.8046,86.2029,synthetic_district_centroid_for_demo,validation
JH-26043-0152,East Singhbhum,Ghatshila,Ward Member (ULB),High,06-07-2026,energy,agriculture,"Solar mini-grid installed under remote village scheme battery dead, no repair mechanic provided",synthetic_seed_v1,formal_or_detailed,22.8046,86.2029,synthetic_district_centroid_for_demo,train
JH-26043-0153,East Singhbhum,Patamda,Ward Member (ULB),High,09-03-2026,energy,,High voltage fluctuation damaging water pump motors and household appliances in bazaar area,synthetic_seed_v1,formal_or_detailed,22.8046,86.2029,synthetic_district_centroid_for_demo,test
JH-26043-0154,Dumka,Jama,Villager / Citizen,Critical,05-02-2026,energy,agriculture,Low-hanging high tension electricity wires touching tree branches near village school,synthetic_seed_v1,short_complaint,24.2676,87.2497,synthetic_district_centroid_for_demo,train
JH-26043-0155,Palamu,Chhatarpur,Ward Member (ULB),Low,01-07-2026,energy,environment,Electricity bills arriving with exorbitant inflated charges for locked houses,synthetic_seed_v1,short_complaint,24.03,84.07,synthetic_district_centroid_for_demo,test
JH-26043-0156,Dhanbad,Nirsa,Ward Member (ULB),High,27-07-2026,energy,environment,"No street lights installed in women hostel lane, creating safety concerns at night",synthetic_seed_v1,formal_or_detailed,23.7957,86.4304,synthetic_district_centroid_for_demo,train
JH-26043-0157,Dhanbad,Baghmara,SHG Leader (Sakhi Mandal),Low,20-06-2026,energy,agriculture,Rooftop solar subsidy portal stuck in verification stage with state discom for 8 months,synthetic_seed_v1,formal_or_detailed,23.7957,86.4304,synthetic_district_centroid_for_demo,train
JH-26043-0158,Dhanbad,Nirsa,Ward Member (ULB),Critical,05-02-2026,energy,urban_infrastructure,Unscheduled power cuts extending up to 14 hours daily during summer harvest season,synthetic_seed_v1,formal_or_detailed,23.7957,86.4304,synthetic_district_centroid_for_demo,train
JH-26043-0159,Ranchi,Ormanjhi,SHG Leader (Sakhi Mandal),Low,08-02-2026,energy,agriculture,Damaged electricity pole tilted dangerously over main village road after storm,synthetic_seed_v1,short_complaint,23.3441,85.3096,synthetic_district_centroid_for_demo,train
JH-26043-0160,Palamu,Patan,Ward Member (ULB),Critical,14-03-2026,energy,urban_infrastructure,Biomass briquetting plant shut down due to lack of spare parts and skilled mechanics,synthetic_seed_v1,formal_or_detailed,24.03,84.07,synthetic_district_centroid_for_demo,train
JH-26043-0161,West Singhbhum,Jhinkpani,SHG Leader (Sakhi Mandal),High,23-01-2026,energy,environment,Agricultural feeder power supply given only at 2 AM making night field irrigation hazardous,synthetic_seed_v1,formal_or_detailed,22.557,85.581,synthetic_district_centroid_for_demo,train
JH-26043-0162,Hazaribagh,Chauparan,SHG Leader (Sakhi Mandal),Medium,04-06-2026,energy,environment,"Distribution transformer oil leaking on ground, sparking observed during peak load hours",synthetic_seed_v1,formal_or_detailed,23.9966,85.3691,synthetic_district_centroid_for_demo,train
JH-26043-0163,Bokaro,Chas,SHG Leader (Sakhi Mandal),High,04-04-2026,energy,,Remote tribal tola never connected under Saubhagya electrification scheme despite listing,synthetic_seed_v1,short_complaint,23.6693,86.1511,synthetic_district_centroid_for_demo,train
JH-26043-0164,Dhanbad,Baghmara,Local Youth Group,Low,26-01-2026,energy,environment,Single-phase supply insufficient to run community tube well pumps and grain threshers,synthetic_seed_v1,formal_or_detailed,23.7957,86.4304,synthetic_district_centroid_for_demo,test
JH-26043-0165,Hazaribagh,Barkagaon,Local Youth Group,Medium,27-02-2026,energy,agriculture,Frequent neutral fault in transformer causing 400V surge and frying home electronics,synthetic_seed_v1,formal_or_detailed,23.9966,85.3691,synthetic_district_centroid_for_demo,train
JH-26043-0166,Hazaribagh,Barkagaon,Ward Member (ULB),Medium,09-01-2026,energy,agriculture,Defective smart meters calculating double units during normal household usage,synthetic_seed_v1,short_complaint,23.9966,85.3691,synthetic_district_centroid_for_demo,train
JH-26043-0167,East Singhbhum,Patamda,Ward Member (ULB),Medium,22-02-2026,energy,urban_infrastructure,Solar street lights batteries stolen within 2 months of installation by panchayat,synthetic_seed_v1,formal_or_detailed,22.8046,86.2029,synthetic_district_centroid_for_demo,train
JH-26043-0168,East Singhbhum,Ghatshila,Ward Member (ULB),Medium,01-06-2026,energy,agriculture,Overloaded distribution transformer tripping every 20 minutes in busy market area,synthetic_seed_v1,short_complaint,22.8046,86.2029,synthetic_district_centroid_for_demo,train
JH-26043-0169,Dumka,Shikaripara,Mukhiya / PRI Rep,Critical,24-02-2026,energy,urban_infrastructure,No lineman available in 20 km radius to replace blown high tension line fuses,synthetic_seed_v1,formal_or_detailed,24.2676,87.2497,synthetic_district_centroid_for_demo,train
JH-26043-0170,West Singhbhum,Manoharpur,Ward Member (ULB),Low,03-08-2026,energy,agriculture,Illegal hook hooking (katiya connection) causing severe line voltage drops in colony,synthetic_seed_v1,formal_or_detailed,22.557,85.581,synthetic_district_centroid_for_demo,train
JH-26043-0171,Ranchi,Bero,Ward Member (ULB),Critical,02-01-2026,energy,,"Underground electric cables damaged during gas pipeline trenching work, blacking out block",synthetic_seed_v1,formal_or_detailed,23.3441,85.3096,synthetic_district_centroid_for_demo,train
JH-26043-0172,Palamu,Patan,Villager / Citizen,Critical,19-07-2026,energy,urban_infrastructure,Wind turbine hybrid pilot project lying inoperative with sheared mechanical blades,synthetic_seed_v1,short_complaint,24.03,84.07,synthetic_district_centroid_for_demo,test
JH-26043-0173,Bokaro,Kasmar,Mukhiya / PRI Rep,Low,09-03-2026,energy,environment,Substation capacity inadequate to support sanctioned rural small scale agro-processing units,synthetic_seed_v1,short_complaint,23.6693,86.1511,synthetic_district_centroid_for_demo,validation
JH-26043-0174,Palamu,Chhatarpur,Local Youth Group,High,20-04-2026,energy,,Lack of capacitor banks in industrial auto cluster causing severe reactive power charges,synthetic_seed_v1,formal_or_detailed,24.03,84.07,synthetic_district_centroid_for_demo,validation
JH-26043-0175,Dhanbad,Jharia,Local Youth Group,Medium,15-07-2026,energy,agriculture,Electric vehicle charging stations sanctioned for town bus stand never installed,synthetic_seed_v1,short_complaint,23.7957,86.4304,synthetic_district_centroid_for_demo,train
JH-26043-0176,Palamu,Satbarwa,SHG Leader (Sakhi Mandal),Critical,24-07-2026,energy,urban_infrastructure,"Bare copper conductors stolen from transmission line, leaving 3 hamlets without power",synthetic_seed_v1,formal_or_detailed,24.03,84.07,synthetic_district_centroid_for_demo,validation
JH-26043-0177,Bokaro,Gumia,Ward Member (ULB),High,05-06-2026,energy,,No safety earth wire provided on LT distribution lines running through village lanes,synthetic_seed_v1,formal_or_detailed,23.6693,86.1511,synthetic_district_centroid_for_demo,validation
JH-26043-0178,Dhanbad,Jharia,Villager / Citizen,Low,04-07-2026,energy,environment,Discom junior engineer demanding bribe for issuing formal domestic meter connection,synthetic_seed_v1,short_complaint,23.7957,86.4304,synthetic_district_centroid_for_demo,train
JH-26043-0179,East Singhbhum,Patamda,Villager / Citizen,High,14-02-2026,energy,environment,"Solar water heater at government residential hospital broken, no hot water in winter",synthetic_seed_v1,formal_or_detailed,22.8046,86.2029,synthetic_district_centroid_for_demo,train
JH-26043-0180,Palamu,Daltonganj,Ward Member (ULB),High,04-06-2026,energy,agriculture,Severe tree branch trimming neglected along 11kV line resulting in daily tripping,synthetic_seed_v1,formal_or_detailed,24.03,84.07,synthetic_district_centroid_for_demo,train
JH-26043-0181,East Singhbhum,Baharagora,Mukhiya / PRI Rep,Low,28-06-2026,environment,urban_infrastructure,Illegal sand mining (balu uthan) in river bed destroying groundwater table and village bank erosion,synthetic_seed_v1,hinglish_or_local_terms,22.8046,86.2029,synthetic_district_centroid_for_demo,test
JH-26043-0182,Dhanbad,Govindpur,Local Youth Group,Medium,28-07-2026,environment,water_management,Fly ash from sponge iron plant falling continuously on green paddy fields and residential houses,synthetic_seed_v1,formal_or_detailed,23.7957,86.4304,synthetic_district_centroid_for_demo,train
JH-26043-0183,Dumka,Shikaripara,Mukhiya / PRI Rep,High,11-05-2026,environment,urban_infrastructure,Forest clearing near protected hill area without approval from Gram Sabha,synthetic_seed_v1,short_complaint,24.2676,87.2497,synthetic_district_centroid_for_demo,train
JH-26043-0184,Ranchi,Namkum,Mukhiya / PRI Rep,Critical,05-02-2026,environment,water_management,"Air quality in coal transport corridor toxic, thick dust causing respiratory illnesses",synthetic_seed_v1,formal_or_detailed,23.3441,85.3096,synthetic_district_centroid_for_demo,train
JH-26043-0185,Dhanbad,Topchanchi,Mukhiya / PRI Rep,Critical,15-07-2026,environment,urban_infrastructure,Chemical effluent discharge from textile dye unit killing fish in village lake,synthetic_seed_v1,formal_or_detailed,23.7957,86.4304,synthetic_district_centroid_for_demo,train
JH-26043-0186,East Singhbhum,Golmuri,Ward Member (ULB),High,02-02-2026,environment,energy,Illegal coal rat-hole mining causing underground subsidence and surface cracks in houses,synthetic_seed_v1,formal_or_detailed,22.8046,86.2029,synthetic_district_centroid_for_demo,validation
JH-26043-0187,East Singhbhum,Patamda,Villager / Citizen,Low,15-05-2026,environment,,"Plastic ban completely ignored in weekly haats, single-use bags littering water streams",synthetic_seed_v1,formal_or_detailed,22.8046,86.2029,synthetic_district_centroid_for_demo,validation
JH-26043-0188,West Singhbhum,Jhinkpani,SHG Leader (Sakhi Mandal),Critical,07-05-2026,environment,water_management,Severe soil erosion on denuded hill slopes triggering mudslides during heavy monsoons,synthetic_seed_v1,formal_or_detailed,22.557,85.581,synthetic_district_centroid_for_demo,train
JH-26043-0189,Bokaro,Gumia,Villager / Citizen,High,04-08-2026,environment,urban_infrastructure,Thermal power station dumping fly ash slurry into open agricultural nullahs,synthetic_seed_v1,short_complaint,23.6693,86.1511,synthetic_district_centroid_for_demo,train
JH-26043-0190,Ranchi,Namkum,SHG Leader (Sakhi Mandal),Low,07-01-2026,environment,urban_infrastructure,Stone quarry blasting causing structural cracks in homes and intolerable noise pollution,synthetic_seed_v1,formal_or_detailed,23.3441,85.3096,synthetic_district_centroid_for_demo,train
JH-26043-0191,Hazaribagh,Barkagaon,Ward Member (ULB),High,04-06-2026,environment,water_management,Forest fires raging unchecked in reserve forest ranges destroying wildlife biodiversity,synthetic_seed_v1,short_complaint,23.9966,85.3691,synthetic_district_centroid_for_demo,test
JH-26043-0192,West Singhbhum,Manoharpur,Mukhiya / PRI Rep,Medium,18-07-2026,environment,energy,Invasive weed (Lantana camara) taking over community grazing pastures and suppressing grass,synthetic_seed_v1,formal_or_detailed,22.557,85.581,synthetic_district_centroid_for_demo,train
JH-26043-0193,Bokaro,Chas,SHG Leader (Sakhi Mandal),Low,01-07-2026,environment,,Groundwater depletion due to excessive bottling plant extraction in water-stressed watershed,synthetic_seed_v1,short_complaint,23.6693,86.1511,synthetic_district_centroid_for_demo,train
JH-26043-0194,Dhanbad,Govindpur,Local Youth Group,Critical,23-07-2026,environment,,Solid municipal trash being set on fire at landfill site causing smog in town,synthetic_seed_v1,formal_or_detailed,23.7957,86.4304,synthetic_district_centroid_for_demo,train
JH-26043-0195,Dumka,Shikaripara,SHG Leader (Sakhi Mandal),Low,06-06-2026,environment,,Excessive use of banned synthetic chemical pesticides destroying local honeybee populations,synthetic_seed_v1,short_complaint,24.2676,87.2497,synthetic_district_centroid_for_demo,train
JH-26043-0196,Bokaro,Chas,SHG Leader (Sakhi Mandal),Low,14-04-2026,environment,,"River sand dunes removed completely, destroying natural breeding habitat of river turtles",synthetic_seed_v1,formal_or_detailed,23.6693,86.1511,synthetic_district_centroid_for_demo,train
JH-26043-0197,Dhanbad,Nirsa,Ward Member (ULB),High,11-04-2026,environment,energy,Heavy metal contamination found in well water samples near smelting industrial cluster,synthetic_seed_v1,formal_or_detailed,23.7957,86.4304,synthetic_district_centroid_for_demo,train
JH-26043-0198,Dhanbad,Topchanchi,Villager / Citizen,Medium,12-06-2026,environment,energy,Encroachment on urban wetlands and water retention lakes for commercial real estate,synthetic_seed_v1,formal_or_detailed,23.7957,86.4304,synthetic_district_centroid_for_demo,train
JH-26043-0199,Hazaribagh,Barhi,Mukhiya / PRI Rep,High,06-04-2026,environment,energy,Mica processing waste fine dust causing severe silicosis in local sorting worker communities,synthetic_seed_v1,formal_or_detailed,23.9966,85.3691,synthetic_district_centroid_for_demo,train
JH-26043-0200,Dhanbad,Baghmara,SHG Leader (Sakhi Mandal),Critical,18-03-2026,environment,urban_infrastructure,Unregulated vehicular emissions from overloaded heavy coal tipper trucks on bypass road,synthetic_seed_v1,formal_or_detailed,23.7957,86.4304,synthetic_district_centroid_for_demo,test
JH-26043-0201,Bokaro,Bermo,SHG Leader (Sakhi Mandal),Low,03-08-2026,environment,urban_infrastructure,Rampant felling of sacred grove (Jaher Than / Sarna Sthal) sal trees by timber timber mafia,synthetic_seed_v1,formal_or_detailed,23.6693,86.1511,synthetic_district_centroid_for_demo,train
JH-26043-0202,Dumka,Saraiyahat,Villager / Citizen,High,10-02-2026,environment,,Open pit coal mining leaving massive unfilled craters collecting stagnant acidic water,synthetic_seed_v1,formal_or_detailed,24.2676,87.2497,synthetic_district_centroid_for_demo,train
JH-26043-0203,West Singhbhum,Chaibasa,Villager / Citizen,High,03-05-2026,environment,water_management,Noise pollution from heavy hydraulic machinery operating near wildlife sanctuary buffer zone,synthetic_seed_v1,formal_or_detailed,22.557,85.581,synthetic_district_centroid_for_demo,train
JH-26043-0204,Palamu,Patan,Local Youth Group,Low,16-07-2026,environment,energy,Fertilizer run-off triggering severe eutrophication and toxic algal blooms in irrigation reservoir,synthetic_seed_v1,formal_or_detailed,24.03,84.07,synthetic_district_centroid_for_demo,train
JH-26043-0205,Bokaro,Kasmar,SHG Leader (Sakhi Mandal),Medium,15-01-2026,environment,water_management,Loss of local bird habitat due to reckless cutting of centuries-old banyan and peepal trees,synthetic_seed_v1,formal_or_detailed,23.6693,86.1511,synthetic_district_centroid_for_demo,validation
JH-26043-0206,Bokaro,Chas,Local Youth Group,Medium,08-01-2026,environment,,Asbestos roof dismantling at old railway shed releasing airborne asbestos fibers near slums,synthetic_seed_v1,formal_or_detailed,23.6693,86.1511,synthetic_district_centroid_for_demo,train
JH-26043-0207,West Singhbhum,Jhinkpani,Local Youth Group,Medium,12-06-2026,environment,urban_infrastructure,Rampant extraction of red earth from hillside destabilizing soil slope geometry,synthetic_seed_v1,short_complaint,22.557,85.581,synthetic_district_centroid_for_demo,train
JH-26043-0208,Palamu,Patan,Ward Member (ULB),Low,03-06-2026,environment,urban_infrastructure,Unscientific dumping of iron ore overburden rocks into pristine mountain stream tributaries,synthetic_seed_v1,formal_or_detailed,24.03,84.07,synthetic_district_centroid_for_demo,test
JH-26043-0209,Dhanbad,Topchanchi,SHG Leader (Sakhi Mandal),High,24-05-2026,environment,energy,Air particulate matter (PM2.5) levels exceeding 400 in industrial township with zero monitoring,synthetic_seed_v1,formal_or_detailed,23.7957,86.4304,synthetic_district_centroid_for_demo,train
JH-26043-0210,Bokaro,Chas,Local Youth Group,Medium,10-06-2026,environment,,Rooftop green cover loss in district headquarters creating intense urban heat island effects,synthetic_seed_v1,formal_or_detailed,23.6693,86.1511,synthetic_district_centroid_for_demo,validation
JH-26043-0211,East Singhbhum,Patamda,Villager / Citizen,High,21-07-2026,urban_infrastructure,energy,"Approach bridge on local river washed away in rains, connecting road cutoff for 4 villages",synthetic_seed_v1,formal_or_detailed,22.8046,86.2029,synthetic_district_centroid_for_demo,train
JH-26043-0212,East Singhbhum,Patamda,Villager / Citizen,Critical,01-06-2026,urban_infrastructure,energy,Drainage slab broken on main bazaar road causing regular two-wheeler accidents,synthetic_seed_v1,short_complaint,22.8046,86.2029,synthetic_district_centroid_for_demo,test
JH-26043-0213,Dumka,Ranishwar,Mukhiya / PRI Rep,High,20-01-2026,urban_infrastructure,accessibility,Pucca road sanctioned 2 years ago left incomplete by contractor after laying stones,synthetic_seed_v1,formal_or_detailed,24.2676,87.2497,synthetic_district_centroid_for_demo,validation
JH-26043-0214,East Singhbhum,Potka,Villager / Citizen,High,17-02-2026,urban_infrastructure,sanitation,Massive potholes on main connector road between town and railway station damaging ambulances,synthetic_seed_v1,formal_or_detailed,22.8046,86.2029,synthetic_district_centroid_for_demo,train
JH-26043-0215,Bokaro,Kasmar,Mukhiya / PRI Rep,Critical,06-03-2026,urban_infrastructure,accessibility,No pedestrian footpaths along busy multi-lane highway leading to fatal pedestrian accidents,synthetic_seed_v1,formal_or_detailed,23.6693,86.1511,synthetic_district_centroid_for_demo,train
JH-26043-0216,East Singhbhum,Baharagora,Villager / Citizen,Critical,22-06-2026,urban_infrastructure,accessibility,Street light poles installed 3 years back have never been connected with electricity supply,synthetic_seed_v1,formal_or_detailed,22.8046,86.2029,synthetic_district_centroid_for_demo,train
JH-26043-0217,West Singhbhum,Jhinkpani,Ward Member (ULB),Critical,18-04-2026,urban_infrastructure,accessibility,Overhead utility cables dangling dangerously low at road intersections catching bus roofs,synthetic_seed_v1,formal_or_detailed,22.557,85.581,synthetic_district_centroid_for_demo,train
JH-26043-0218,Dumka,Jarmundi,Mukhiya / PRI Rep,High,18-06-2026,urban_infrastructure,energy,Town market area lacks any designated fire exit or emergency vehicle evacuation corridor,synthetic_seed_v1,formal_or_detailed,24.2676,87.2497,synthetic_district_centroid_for_demo,train
JH-26043-0219,Palamu,Chhatarpur,Local Youth Group,Critical,27-03-2026,urban_infrastructure,accessibility,"Bus terminus shed collapsed during storm, passengers forced to wait under open sky in rain",synthetic_seed_v1,formal_or_detailed,24.03,84.07,synthetic_district_centroid_for_demo,train
JH-26043-0220,East Singhbhum,Golmuri,Villager / Citizen,Critical,18-06-2026,urban_infrastructure,sanitation,Traffic signal lights completely blank and dark at major 4-way intersection causing jams,synthetic_seed_v1,formal_or_detailed,22.8046,86.2029,synthetic_district_centroid_for_demo,test
JH-26043-0221,Dhanbad,Govindpur,Villager / Citizen,Medium,15-05-2026,urban_infrastructure,accessibility,Underpass gets flooded with 5 feet of water after every moderate rainfall blocking traffic,synthetic_seed_v1,formal_or_detailed,23.7957,86.4304,synthetic_district_centroid_for_demo,train
JH-26043-0222,Palamu,Daltonganj,Mukhiya / PRI Rep,Critical,01-06-2026,urban_infrastructure,,Open manholes without cast iron covers on newly paved municipal corporation footpath,synthetic_seed_v1,formal_or_detailed,24.03,84.07,synthetic_district_centroid_for_demo,train
JH-26043-0223,Ranchi,Ratu,Local Youth Group,High,13-04-2026,urban_infrastructure,sanitation,Multi-level car parking facility construction stalled for 4 years leaving vehicles parked on roads,synthetic_seed_v1,formal_or_detailed,23.3441,85.3096,synthetic_district_centroid_for_demo,train
JH-26043-0224,Bokaro,Bermo,Villager / Citizen,High,27-02-2026,urban_infrastructure,energy,Public park walking trail broken and encroached by stray cattle and wild vegetation,synthetic_seed_v1,formal_or_detailed,23.6693,86.1511,synthetic_district_centroid_for_demo,train
JH-26043-0225,East Singhbhum,Potka,Villager / Citizen,High,03-03-2026,urban_infrastructure,accessibility,"Culvert wall broken by heavy truck, half the road collapsed into ditch near village bend",synthetic_seed_v1,formal_or_detailed,22.8046,86.2029,synthetic_district_centroid_for_demo,train
JH-26043-0226,West Singhbhum,Manoharpur,Local Youth Group,Low,01-02-2026,urban_infrastructure,energy,Lack of directional road signage and retroreflective markers at sharp mountain hairpin bends,synthetic_seed_v1,hinglish_or_local_terms,22.557,85.581,synthetic_district_centroid_for_demo,train
JH-26043-0227,Hazaribagh,Barkagaon,Local Youth Group,Critical,25-02-2026,urban_infrastructure,energy,"Community hall building cracked structurally, declared unsafe but still rented out",synthetic_seed_v1,short_complaint,23.9966,85.3691,synthetic_district_centroid_for_demo,validation
JH-26043-0228,Hazaribagh,Ichak,Villager / Citizen,Low,14-04-2026,urban_infrastructure,,No stormwater drainage network in newly developed municipal residential layouts,synthetic_seed_v1,short_complaint,23.9966,85.3691,synthetic_district_centroid_for_demo,train
JH-26043-0229,Dhanbad,Jharia,SHG Leader (Sakhi Mandal),Low,23-04-2026,urban_infrastructure,accessibility,Railway overbridge (ROB) construction delayed by 5 years causing daily 1-hour gate closures,synthetic_seed_v1,formal_or_detailed,23.7957,86.4304,synthetic_district_centroid_for_demo,train
JH-26043-0230,Dumka,Jarmundi,Villager / Citizen,High,19-04-2026,urban_infrastructure,,Foot overbridge at busy railway station lacks working escalator or ramp for aged travelers,synthetic_seed_v1,formal_or_detailed,24.2676,87.2497,synthetic_district_centroid_for_demo,train
JH-26043-0231,East Singhbhum,Ghatshila,Local Youth Group,High,17-02-2026,urban_infrastructure,sanitation,Substandard bituminous road washed away completely within one single monsoon season,synthetic_seed_v1,short_complaint,22.8046,86.2029,synthetic_district_centroid_for_demo,train
JH-26043-0232,Palamu,Patan,Villager / Citizen,Critical,09-06-2026,urban_infrastructure,sanitation,Encroachment of pedestrian walkways by permanent commercial shop extensions,synthetic_seed_v1,short_complaint,24.03,84.07,synthetic_district_centroid_for_demo,validation
JH-26043-0233,Bokaro,Chas,Ward Member (ULB),Medium,25-02-2026,urban_infrastructure,energy,Lack of truck parking lay-bys on mining highway resulting in 10 km long highway bottlenecks,synthetic_seed_v1,formal_or_detailed,23.6693,86.1511,synthetic_district_centroid_for_demo,test
JH-26043-0234,East Singhbhum,Ghatshila,Ward Member (ULB),High,27-03-2026,urban_infrastructure,,River embankment retaining wall collapsing due to improper foundation depth during construction,synthetic_seed_v1,formal_or_detailed,22.8046,86.2029,synthetic_district_centroid_for_demo,test
JH-26043-0235,West Singhbhum,Chakradharpur,Mukhiya / PRI Rep,Low,14-08-2026,urban_infrastructure,energy,"Public crematorium / kabristan boundary wall collapsed, stray animals entering premises",synthetic_seed_v1,short_complaint,22.557,85.581,synthetic_district_centroid_for_demo,train
JH-26043-0236,Hazaribagh,Barhi,Mukhiya / PRI Rep,Low,10-06-2026,urban_infrastructure,,"Street furniture, benches, and bus stop seating broken and vandalized without maintenance",synthetic_seed_v1,formal_or_detailed,23.9966,85.3691,synthetic_district_centroid_for_demo,test
JH-26043-0237,West Singhbhum,Majhgaon,Villager / Citizen,Medium,12-05-2026,urban_infrastructure,sanitation,"Town drainage master plan never implemented, leading to sewage backflows in low-lying wards",synthetic_seed_v1,formal_or_detailed,22.557,85.581,synthetic_district_centroid_for_demo,test
JH-26043-0238,Bokaro,Chandankiyari,Villager / Citizen,High,13-07-2026,urban_infrastructure,,Missing guardrails along steep mountain ghat sections on state highway,synthetic_seed_v1,short_complaint,23.6693,86.1511,synthetic_district_centroid_for_demo,train
JH-26043-0239,Palamu,Satbarwa,Mukhiya / PRI Rep,Critical,03-06-2026,urban_infrastructure,energy,No public convenience facilities for long-distance bus passengers at transit junctions,synthetic_seed_v1,short_complaint,24.03,84.07,synthetic_district_centroid_for_demo,train
JH-26043-0240,Dhanbad,Nirsa,Villager / Citizen,Critical,18-03-2026,urban_infrastructure,energy,Incomplete flyover pier columns causing chronic choking of urban city thoroughfares,synthetic_seed_v1,short_complaint,23.7957,86.4304,synthetic_district_centroid_for_demo,train
JH-26043-0241,Bokaro,Chas,Villager / Citizen,High,10-05-2026,accessibility,,Block development office (BDO) and registry counter on 1st floor have no ramp or elevator for divyangjan,synthetic_seed_v1,formal_or_detailed,23.6693,86.1511,synthetic_district_centroid_for_demo,train
JH-26043-0242,Palamu,Panki,SHG Leader (Sakhi Mandal),High,02-08-2026,accessibility,education,Government dispensary lacks basic tactile pathways and wheelchair ramps for senior citizens,synthetic_seed_v1,hinglish_or_local_terms,24.03,84.07,synthetic_district_centroid_for_demo,train
JH-26043-0243,Palamu,Satbarwa,Villager / Citizen,Low,12-07-2026,accessibility,healthcare,District public bus stands have zero accessible washrooms or boarding aids for disabled travelers,synthetic_seed_v1,formal_or_detailed,24.03,84.07,synthetic_district_centroid_for_demo,train
JH-26043-0244,Ranchi,Namkum,Local Youth Group,Critical,05-01-2026,accessibility,urban_infrastructure,Public distribution system (PDS) ration shop entrance has steep 4-step stairs with no ramp,synthetic_seed_v1,formal_or_detailed,23.3441,85.3096,synthetic_district_centroid_for_demo,test
JH-26043-0245,Hazaribagh,Ichak,Ward Member (ULB),Critical,20-01-2026,accessibility,healthcare,District collectorate public hearing hall inaccessible for wheelchair users due to narrow doors,synthetic_seed_v1,hinglish_or_local_terms,23.9966,85.3691,synthetic_district_centroid_for_demo,train
JH-26043-0246,West Singhbhum,Majhgaon,Ward Member (ULB),Critical,19-02-2026,accessibility,healthcare,State government grievance web portal lacks screen reader compatibility for visually impaired,synthetic_seed_v1,formal_or_detailed,22.557,85.581,synthetic_district_centroid_for_demo,train
JH-26043-0247,Bokaro,Gumia,Ward Member (ULB),High,04-04-2026,accessibility,urban_infrastructure,No sign language interpreter available at district courts or police emergency desks,synthetic_seed_v1,formal_or_detailed,23.6693,86.1511,synthetic_district_centroid_for_demo,train
JH-26043-0248,East Singhbhum,Baharagora,Local Youth Group,Critical,09-02-2026,accessibility,education,Railway station platforms lack tactile blister warning tiles for visually impaired commuters,synthetic_seed_v1,formal_or_detailed,22.8046,86.2029,synthetic_district_centroid_for_demo,validation
JH-26043-0249,West Singhbhum,Chakradharpur,Local Youth Group,High,07-05-2026,accessibility,urban_infrastructure,Government school classrooms lack accessible desks or adapted seating for children with cerebral palsy,synthetic_seed_v1,formal_or_detailed,22.557,85.581,synthetic_district_centroid_for_demo,train
JH-26043-0250,East Singhbhum,Ghatshila,SHG Leader (Sakhi Mandal),Medium,16-08-2026,accessibility,education,ATM counters in market built on elevated 3-foot plinth with no wheelchair approach,synthetic_seed_v1,hinglish_or_local_terms,22.8046,86.2029,synthetic_district_centroid_for_demo,train
JH-26043-0251,Bokaro,Chas,Local Youth Group,High,28-05-2026,accessibility,healthcare,"Public library has zero braille books, large-print volumes, or digital audio books",synthetic_seed_v1,formal_or_detailed,23.6693,86.1511,synthetic_district_centroid_for_demo,test
JH-26043-0252,East Singhbhum,Golmuri,Local Youth Group,Medium,07-02-2026,accessibility,healthcare,Post office saving bank counter height too high for wheelchair users to reach counters,synthetic_seed_v1,hinglish_or_local_terms,22.8046,86.2029,synthetic_district_centroid_for_demo,train
JH-26043-0253,Hazaribagh,Chauparan,Villager / Citizen,High,15-06-2026,accessibility,healthcare,Disabled bus pass verification process requires physical appearance at inaccessible 3rd floor office,synthetic_seed_v1,formal_or_detailed,23.9966,85.3691,synthetic_district_centroid_for_demo,train
JH-26043-0254,Dhanbad,Jharia,Ward Member (ULB),Critical,06-01-2026,accessibility,,Community health center has no accessible toilet stall wide enough for wheelchair turning,synthetic_seed_v1,hinglish_or_local_terms,23.7957,86.4304,synthetic_district_centroid_for_demo,train
JH-26043-0255,Palamu,Chhatarpur,Villager / Citizen,Medium,21-06-2026,accessibility,urban_infrastructure,Auditory crossing signals not installed at busy pedestrian traffic signals in town center,synthetic_seed_v1,formal_or_detailed,24.03,84.07,synthetic_district_centroid_for_demo,test
JH-26043-0256,West Singhbhum,Manoharpur,Local Youth Group,High,27-03-2026,accessibility,healthcare,"Public sector bank branch lacks wheelchair ramp, requiring staff to conduct transactions on stairs",synthetic_seed_v1,hinglish_or_local_terms,22.557,85.581,synthetic_district_centroid_for_demo,train
JH-26043-0257,East Singhbhum,Baharagora,Local Youth Group,Low,17-02-2026,accessibility,healthcare,Election voting booths established on upper floors without elevator access during civic polls,synthetic_seed_v1,formal_or_detailed,22.8046,86.2029,synthetic_district_centroid_for_demo,train
JH-26043-0258,Dumka,Ranishwar,Mukhiya / PRI Rep,High,12-04-2026,accessibility,education,Public hospital signages lack high-contrast lettering and braille indicators for low-vision patients,synthetic_seed_v1,formal_or_detailed,24.2676,87.2497,synthetic_district_centroid_for_demo,train
JH-26043-0259,Dhanbad,Govindpur,Mukhiya / PRI Rep,High,21-03-2026,accessibility,education,Skill training centre for disabled youth lacks specialized ergonomic computers and keyboards,synthetic_seed_v1,formal_or_detailed,23.7957,86.4304,synthetic_district_centroid_for_demo,test
JH-26043-0260,Dhanbad,Topchanchi,Mukhiya / PRI Rep,Medium,22-03-2026,accessibility,education,Panchayat Bhavan meeting room inaccessible for disabled ward representatives,synthetic_seed_v1,short_complaint,23.7957,86.4304,synthetic_district_centroid_for_demo,train
JH-26043-0261,Ranchi,Kanke,Villager / Citizen,Low,21-05-2026,accessibility,healthcare,Pedestrian footpaths have 9-inch curb drops with no curb cuts or ramp blending at crossings,synthetic_seed_v1,formal_or_detailed,23.3441,85.3096,synthetic_district_centroid_for_demo,test
JH-26043-0262,Palamu,Chhatarpur,Villager / Citizen,Critical,21-05-2026,accessibility,education,Government scholarship application forms available only in physical paper format with tiny fonts,synthetic_seed_v1,formal_or_detailed,24.03,84.07,synthetic_district_centroid_for_demo,train
JH-26043-0263,West Singhbhum,Chakradharpur,SHG Leader (Sakhi Mandal),High,26-08-2026,accessibility,urban_infrastructure,Tourist monuments and heritage sites in district lack any accessible pathways or ramps,synthetic_seed_v1,formal_or_detailed,22.557,85.581,synthetic_district_centroid_for_demo,validation
JH-26043-0264,East Singhbhum,Baharagora,SHG Leader (Sakhi Mandal),Critical,07-08-2026,accessibility,education,"Dial 112 police emergency service has no SMS, WhatsApp, or text-based relay for deaf citizens",synthetic_seed_v1,formal_or_detailed,22.8046,86.2029,synthetic_district_centroid_for_demo,validation
JH-26043-0265,East Singhbhum,Golmuri,Ward Member (ULB),High,05-07-2026,accessibility,education,Sub-divisional magistrate courtroom has no assistive listening loop systems for hard-of-hearing,synthetic_seed_v1,short_complaint,22.8046,86.2029,synthetic_district_centroid_for_demo,train
JH-26043-0266,Dhanbad,Govindpur,Mukhiya / PRI Rep,Critical,09-02-2026,accessibility,,"Public buses lack low-floor design, kneeling suspension, or boarding wheelchair lifts",synthetic_seed_v1,hinglish_or_local_terms,23.7957,86.4304,synthetic_district_centroid_for_demo,train
JH-26043-0267,Hazaribagh,Barkagaon,Villager / Citizen,Low,13-05-2026,accessibility,,Municipal website PDF circulars uploaded as scanned images that fail optical character recognition,synthetic_seed_v1,formal_or_detailed,23.9966,85.3691,synthetic_district_centroid_for_demo,train
JH-26043-0268,Hazaribagh,Barkagaon,Ward Member (ULB),High,25-04-2026,accessibility,healthcare,Disabled self-help groups unable to access weekly haat stalls due to muddy uneven terrain,synthetic_seed_v1,formal_or_detailed,23.9966,85.3691,synthetic_district_centroid_for_demo,train
JH-26043-0269,West Singhbhum,Jhinkpani,SHG Leader (Sakhi Mandal),Critical,16-05-2026,accessibility,urban_infrastructure,Primary health centre delivery room lacks height-adjustable examination tables for disabled women,synthetic_seed_v1,formal_or_detailed,22.557,85.581,synthetic_district_centroid_for_demo,test
JH-26043-0270,Dhanbad,Nirsa,Local Youth Group,Critical,07-04-2026,accessibility,education,District sports stadium has zero seating or ramps dedicated to disabled spectators and athletes,synthetic_seed_v1,formal_or_detailed,23.7957,86.4304,synthetic_district_centroid_for_demo,train
JH-26043-0271,Ranchi,Kanke,Ward Member (ULB),Critical,04-05-2026,rural_livelihoods,,Sakhi Mandal (SHG) women producing mahua and lac unable to get fair MSP pricing due to local middlemen,synthetic_seed_v1,formal_or_detailed,23.3441,85.3096,synthetic_district_centroid_for_demo,train
JH-26043-0272,Ranchi,Kanke,SHG Leader (Sakhi Mandal),Medium,24-05-2026,rural_livelihoods,public_administration,MGNREGA 100 days work demand registered but job cards not issued by Rozgar Sevak,synthetic_seed_v1,formal_or_detailed,23.3441,85.3096,synthetic_district_centroid_for_demo,test
JH-26043-0273,Palamu,Satbarwa,Villager / Citizen,Critical,19-01-2026,rural_livelihoods,,Rural bamboo artisans have no direct market linkage or tool support to sell finished handicraft goods,synthetic_seed_v1,formal_or_detailed,24.03,84.07,synthetic_district_centroid_for_demo,train
JH-26043-0274,Hazaribagh,Ichak,Local Youth Group,High,13-02-2026,rural_livelihoods,,Silk rearing (tussar silk) farmers suffering losses due to lack of egg disease inspection centers,synthetic_seed_v1,formal_or_detailed,23.9966,85.3691,synthetic_district_centroid_for_demo,train
JH-26043-0275,West Singhbhum,Jhinkpani,Ward Member (ULB),Low,04-03-2026,rural_livelihoods,public_administration,"Local weekly haat bazaar lacks basic shed infrastructure, women vendors sitting under rain",synthetic_seed_v1,formal_or_detailed,22.557,85.581,synthetic_district_centroid_for_demo,train
JH-26043-0276,Bokaro,Chandankiyari,Local Youth Group,High,07-03-2026,rural_livelihoods,,Tasar cocoon grainages running acute shortage of disease-free layings (DFLs) for tribal rearers,synthetic_seed_v1,formal_or_detailed,23.6693,86.1511,synthetic_district_centroid_for_demo,train
JH-26043-0277,Palamu,Chhatarpur,Villager / Citizen,Low,05-01-2026,rural_livelihoods,,MGNREGA wage payments delayed by 4 months due to FTO portal signature rejection issues,synthetic_seed_v1,formal_or_detailed,24.03,84.07,synthetic_district_centroid_for_demo,train
JH-26043-0278,Bokaro,Gumia,Local Youth Group,Critical,20-03-2026,rural_livelihoods,,Self-help group microfinance loans charged high informal processing cuts by bank middlemen,synthetic_seed_v1,formal_or_detailed,23.6693,86.1511,synthetic_district_centroid_for_demo,validation
JH-26043-0279,East Singhbhum,Golmuri,Local Youth Group,High,13-03-2026,rural_livelihoods,,Lack of modern oil extraction mill forcing mustard growers to sell seeds at bottom prices,synthetic_seed_v1,formal_or_detailed,22.8046,86.2029,synthetic_district_centroid_for_demo,train
JH-26043-0280,Dumka,Saraiyahat,Ward Member (ULB),Critical,16-05-2026,rural_livelihoods,agriculture,Pottery artisans unable to obtain clay permit from mining department due to bureaucratic hurdles,synthetic_seed_v1,formal_or_detailed,24.2676,87.2497,synthetic_district_centroid_for_demo,train
JH-26043-0281,Bokaro,Chandankiyari,Villager / Citizen,Critical,26-05-2026,rural_livelihoods,,Rural youth completing ITI electrical diploma unable to find local apprenticeship or placements,synthetic_seed_v1,formal_or_detailed,23.6693,86.1511,synthetic_district_centroid_for_demo,train
JH-26043-0282,Ranchi,Bero,SHG Leader (Sakhi Mandal),High,24-04-2026,rural_livelihoods,agriculture,Handloom weaving cluster facing yarn shortage and exploitation by private master weavers,synthetic_seed_v1,formal_or_detailed,23.3441,85.3096,synthetic_district_centroid_for_demo,train
JH-26043-0283,West Singhbhum,Chakradharpur,Local Youth Group,Critical,27-03-2026,rural_livelihoods,,Beekeeping (apiculture) honey processing and testing facility unavailable within 80km radius,synthetic_seed_v1,short_complaint,22.557,85.581,synthetic_district_centroid_for_demo,train
JH-26043-0284,Hazaribagh,Barhi,Local Youth Group,Low,01-04-2026,rural_livelihoods,public_administration,Poultry broiler farmers facing total wipeout due to feed supply price inflation by integrators,synthetic_seed_v1,formal_or_detailed,23.9966,85.3691,synthetic_district_centroid_for_demo,validation
JH-26043-0285,Bokaro,Gumia,Mukhiya / PRI Rep,Critical,14-04-2026,rural_livelihoods,,Common service centre (CSC) operator overcharging rural citizens for DBT e-KYC submissions,synthetic_seed_v1,formal_or_detailed,23.6693,86.1511,synthetic_district_centroid_for_demo,train
JH-26043-0286,West Singhbhum,Chaibasa,Mukhiya / PRI Rep,Medium,22-06-2026,rural_livelihoods,public_administration,Goat farming breeding bucks of improved indigenous breeds not supplied under state livestock scheme,synthetic_seed_v1,formal_or_detailed,22.557,85.581,synthetic_district_centroid_for_demo,train
JH-26043-0287,Palamu,Satbarwa,Mukhiya / PRI Rep,Critical,18-06-2026,rural_livelihoods,public_administration,Lack of packaging and branding machinery for tamarind cake processing done by tribal women,synthetic_seed_v1,formal_or_detailed,24.03,84.07,synthetic_district_centroid_for_demo,train
JH-26043-0288,Dumka,Saraiyahat,SHG Leader (Sakhi Mandal),Medium,09-04-2026,rural_livelihoods,,Rural carp aquaculture ponds drying up with no fish fingerling replenishment support,synthetic_seed_v1,formal_or_detailed,24.2676,87.2497,synthetic_district_centroid_for_demo,test
JH-26043-0289,Dumka,Ranishwar,Ward Member (ULB),High,23-04-2026,rural_livelihoods,,Traditional bell-metal craft artisans suffering from skyrocketing raw copper and tin scrap prices,synthetic_seed_v1,formal_or_detailed,24.2676,87.2497,synthetic_district_centroid_for_demo,train
JH-26043-0290,West Singhbhum,Majhgaon,SHG Leader (Sakhi Mandal),High,10-05-2026,rural_livelihoods,agriculture,Skill development training certificate issued under PMKVY not recognized by local industries,synthetic_seed_v1,formal_or_detailed,22.557,85.581,synthetic_district_centroid_for_demo,test
JH-26043-0291,Palamu,Patan,Ward Member (ULB),Medium,02-05-2026,rural_livelihoods,public_administration,"Dairy cooperative milk chilling plant broken, evening milk collection rejected and turning sour",synthetic_seed_v1,formal_or_detailed,24.03,84.07,synthetic_district_centroid_for_demo,train
JH-26043-0292,Dhanbad,Govindpur,SHG Leader (Sakhi Mandal),High,25-03-2026,rural_livelihoods,agriculture,Forest gatherers selling sal leaves (pattal) for pennies due to lack of leaf-plate pressing machines,synthetic_seed_v1,formal_or_detailed,23.7957,86.4304,synthetic_district_centroid_for_demo,train
JH-26043-0293,Dumka,Saraiyahat,Ward Member (ULB),Medium,20-02-2026,rural_livelihoods,,Rural carpentry units facing harassment from forest check post officials for transporting timber,synthetic_seed_v1,formal_or_detailed,24.2676,87.2497,synthetic_district_centroid_for_demo,train
JH-26043-0294,Hazaribagh,Barkagaon,Villager / Citizen,Medium,02-04-2026,rural_livelihoods,agriculture,Pig breeding farm subsidy files rejected citing arbitrary distance rules from main highway,synthetic_seed_v1,formal_or_detailed,23.9966,85.3691,synthetic_district_centroid_for_demo,train
JH-26043-0295,Palamu,Satbarwa,SHG Leader (Sakhi Mandal),Low,01-03-2026,rural_livelihoods,,No warehouse or metal silo storage facility available for grains in remote panchayats,synthetic_seed_v1,formal_or_detailed,24.03,84.07,synthetic_district_centroid_for_demo,test
JH-26043-0296,East Singhbhum,Baharagora,SHG Leader (Sakhi Mandal),Critical,25-04-2026,rural_livelihoods,public_administration,Mushroom cultivation grower groups unable to find cold-chain transport for fresh button mushrooms,synthetic_seed_v1,hinglish_or_local_terms,22.8046,86.2029,synthetic_district_centroid_for_demo,train
JH-26043-0297,Bokaro,Chandankiyari,Villager / Citizen,Low,18-04-2026,rural_livelihoods,,"Weavers cooperative society election delayed for 5 years, management funds frozen in bank",synthetic_seed_v1,formal_or_detailed,23.6693,86.1511,synthetic_district_centroid_for_demo,train
JH-26043-0298,Ranchi,Namkum,SHG Leader (Sakhi Mandal),Medium,27-01-2026,rural_livelihoods,public_administration,Lack of credit guarantee support preventing rural first-time entrepreneurs from opening shops,synthetic_seed_v1,formal_or_detailed,23.3441,85.3096,synthetic_district_centroid_for_demo,train
JH-26043-0299,West Singhbhum,Chakradharpur,Ward Member (ULB),Low,10-01-2026,rural_livelihoods,,Tribal youth returning from out-of-state migration have zero re-skilling or employment support,synthetic_seed_v1,formal_or_detailed,22.557,85.581,synthetic_district_centroid_for_demo,validation
JH-26043-0300,Dhanbad,Govindpur,Ward Member (ULB),Critical,02-08-2026,rural_livelihoods,,Livestock insurance claims for deceased milch cows rejected by insurer on minor clerical grounds,synthetic_seed_v1,formal_or_detailed,23.7957,86.4304,synthetic_district_centroid_for_demo,train
JH-26043-0301,West Singhbhum,Majhgaon,Mukhiya / PRI Rep,Low,06-06-2026,public_administration,,Ration dealer cutting 2kg per family on NFSA ration card and demanding extra biometric thumb impressions,synthetic_seed_v1,formal_or_detailed,22.557,85.581,synthetic_district_centroid_for_demo,validation
JH-26043-0302,West Singhbhum,Majhgaon,Mukhiya / PRI Rep,Low,26-06-2026,public_administration,education,"Panchayat Bhavan permanently locked, Mukhiya and Panchayat Sachiv unavailable for income certificate attestation",synthetic_seed_v1,hinglish_or_local_terms,22.557,85.581,synthetic_district_centroid_for_demo,train
JH-26043-0303,Hazaribagh,Barkagaon,Local Youth Group,Critical,17-07-2026,public_administration,education,Land mutation and land possession certificate (LPC) stuck in circle office for 8 months,synthetic_seed_v1,formal_or_detailed,23.9966,85.3691,synthetic_district_centroid_for_demo,train
JH-26043-0304,Dhanbad,Nirsa,Villager / Citizen,Medium,16-03-2026,public_administration,education,Old age pension stopped abruptly for 40 elders due to Aadhaar biometric mismatch at pragmatic camp,synthetic_seed_v1,formal_or_detailed,23.7957,86.4304,synthetic_district_centroid_for_demo,train
JH-26043-0305,Hazaribagh,Barhi,Ward Member (ULB),Critical,15-04-2026,public_administration,education,Circle officer revenue staff demanding speed money for verifying caste certificate documents,synthetic_seed_v1,formal_or_detailed,23.9966,85.3691,synthetic_district_centroid_for_demo,train
JH-26043-0306,Bokaro,Chandankiyari,Local Youth Group,Low,21-05-2026,public_administration,education,Chief Minister grievance portal complaint marked resolved without any ground inspection conducted,synthetic_seed_v1,formal_or_detailed,23.6693,86.1511,synthetic_district_centroid_for_demo,train
JH-26043-0307,Hazaribagh,Barhi,Villager / Citizen,Critical,06-05-2026,public_administration,education,Death certificate application delayed for 6 months making widow pension application impossible,synthetic_seed_v1,formal_or_detailed,23.9966,85.3691,synthetic_district_centroid_for_demo,validation
JH-26043-0308,Dumka,Shikaripara,Ward Member (ULB),High,08-04-2026,public_administration,rural_livelihoods,"Panchayat executive assistant absent continuously, birth registration certificates pending for newborns",synthetic_seed_v1,short_complaint,24.2676,87.2497,synthetic_district_centroid_for_demo,train
JH-26043-0309,West Singhbhum,Chakradharpur,SHG Leader (Sakhi Mandal),High,23-07-2026,public_administration,,Right to Information (RTI) query filed on road expenditure not replied within statutory 30 days,synthetic_seed_v1,formal_or_detailed,22.557,85.581,synthetic_district_centroid_for_demo,train
JH-26043-0310,West Singhbhum,Jhinkpani,Mukhiya / PRI Rep,Medium,17-02-2026,public_administration,education,"Gram Sabha meetings held without quorum or notice, passing resolutions favoring powerful contractors",synthetic_seed_v1,formal_or_detailed,22.557,85.581,synthetic_district_centroid_for_demo,train
JH-26043-0311,Bokaro,Chas,Local Youth Group,Low,27-01-2026,public_administration,,Public hearing on village development plan conducted without sharing detailed project budget,synthetic_seed_v1,formal_or_detailed,23.6693,86.1511,synthetic_district_centroid_for_demo,test
JH-26043-0312,Hazaribagh,Katkamsandi,Local Youth Group,Medium,11-03-2026,public_administration,,Disability pension beneficiary list contains deceased names while living applicants wait for approval,synthetic_seed_v1,formal_or_detailed,23.9966,85.3691,synthetic_district_centroid_for_demo,train
JH-26043-0313,West Singhbhum,Chaibasa,Mukhiya / PRI Rep,Critical,17-02-2026,public_administration,education,Local police outpost personnel refusing to file FIR for stolen agricultural motorcycle,synthetic_seed_v1,formal_or_detailed,22.557,85.581,synthetic_district_centroid_for_demo,train
JH-26043-0314,Ranchi,Ratu,Mukhiya / PRI Rep,Critical,28-08-2026,public_administration,rural_livelihoods,"Circle office land records registry books torn and illegible, digitized Bhumi portal records incorrect",synthetic_seed_v1,formal_or_detailed,23.3441,85.3096,synthetic_district_centroid_for_demo,train
JH-26043-0315,West Singhbhum,Majhgaon,Villager / Citizen,Critical,27-05-2026,public_administration,rural_livelihoods,Beneficiary names wrongfully deleted from Antyodaya Anna Yojana (AAY) priority ration list,synthetic_seed_v1,formal_or_detailed,22.557,85.581,synthetic_district_centroid_for_demo,train
JH-26043-0316,Hazaribagh,Katkamsandi,Villager / Citizen,Low,12-07-2026,public_administration,,Tribal land restoration petition under CNT Act pending for hearing before SDO court for 3 years,synthetic_seed_v1,formal_or_detailed,23.9966,85.3691,synthetic_district_centroid_for_demo,train
JH-26043-0317,Dhanbad,Topchanchi,Villager / Citizen,Low,02-08-2026,public_administration,education,Kisan samman nidhi installment blocked due to minor name spelling discrepancy between Aadhaar and bank,synthetic_seed_v1,hinglish_or_local_terms,23.7957,86.4304,synthetic_district_centroid_for_demo,train
JH-26043-0318,Palamu,Panki,Mukhiya / PRI Rep,Critical,13-06-2026,public_administration,education,Block education officer demanding commission for approving teacher travel allowance reimbursement,synthetic_seed_v1,short_complaint,24.03,84.07,synthetic_district_centroid_for_demo,test
JH-26043-0319,Palamu,Patan,Villager / Citizen,Medium,04-06-2026,public_administration,rural_livelihoods,Voter list revision booth level officer (BLO) never visited village to register eligible 18-year-olds,synthetic_seed_v1,formal_or_detailed,24.03,84.07,synthetic_district_centroid_for_demo,test
JH-26043-0320,Palamu,Chhatarpur,Mukhiya / PRI Rep,Medium,25-01-2026,public_administration,rural_livelihoods,Mining royalty development funds (DMFT) spent on urban decorative gates instead of village water,synthetic_seed_v1,formal_or_detailed,24.03,84.07,synthetic_district_centroid_for_demo,test
JH-26043-0321,Dumka,Jarmundi,Local Youth Group,Critical,27-07-2026,public_administration,rural_livelihoods,"Consumer dispute redressal forum in district has vacancy for president, cases paralyzed",synthetic_seed_v1,formal_or_detailed,24.2676,87.2497,synthetic_district_centroid_for_demo,train
JH-26043-0322,Hazaribagh,Chauparan,Ward Member (ULB),Medium,07-05-2026,public_administration,,Sub-registrar office token system manipulated by deed writers and touts in favor of paying clients,synthetic_seed_v1,formal_or_detailed,23.9966,85.3691,synthetic_district_centroid_for_demo,train
JH-26043-0323,Dhanbad,Jharia,SHG Leader (Sakhi Mandal),Low,07-04-2026,public_administration,rural_livelihoods,State scholarship verification portal closed early before college clerk could upload forms,synthetic_seed_v1,formal_or_detailed,23.7957,86.4304,synthetic_district_centroid_for_demo,train
JH-26043-0324,Dhanbad,Topchanchi,Villager / Citizen,Critical,08-01-2026,public_administration,,Tehsildar not holding weekly public court (janata durbar) despite clear district magistrate order,synthetic_seed_v1,formal_or_detailed,23.7957,86.4304,synthetic_district_centroid_for_demo,train
JH-26043-0325,Ranchi,Ratu,SHG Leader (Sakhi Mandal),Medium,25-04-2026,public_administration,rural_livelihoods,Women reporting domestic violence turned away by police station without registering complaint,synthetic_seed_v1,formal_or_detailed,23.3441,85.3096,synthetic_district_centroid_for_demo,test
JH-26043-0326,East Singhbhum,Patamda,Ward Member (ULB),Medium,19-06-2026,public_administration,,KCC waiver benefit credited into dormant bank accounts that farmers cannot access,synthetic_seed_v1,formal_or_detailed,22.8046,86.2029,synthetic_district_centroid_for_demo,train
JH-26043-0327,Bokaro,Bermo,Ward Member (ULB),Medium,14-04-2026,public_administration,education,Land acquisition compensation for highway expansion not paid to actual cultivators,synthetic_seed_v1,short_complaint,23.6693,86.1511,synthetic_district_centroid_for_demo,train
JH-26043-0328,Dumka,Shikaripara,Local Youth Group,Medium,18-07-2026,public_administration,education,Sanitation tender allotted to relative of municipal councillor without transparent e-tendering,synthetic_seed_v1,short_complaint,24.2676,87.2497,synthetic_district_centroid_for_demo,validation
JH-26043-0329,Ranchi,Ormanjhi,SHG Leader (Sakhi Mandal),High,14-07-2026,public_administration,rural_livelihoods,Block development officer transfer happens every 6 months causing complete administrative vacuum,synthetic_seed_v1,formal_or_detailed,23.3441,85.3096,synthetic_district_centroid_for_demo,train
JH-26043-0330,Dumka,Jarmundi,Mukhiya / PRI Rep,Critical,28-04-2026,public_administration,rural_livelihoods,Panchayat digital library and internet computer stolen because chowkidar was never appointed,synthetic_seed_v1,formal_or_detailed,24.2676,87.2497,synthetic_district_centroid_for_demo,train
JH-26043-A001-WAT,Ranchi,Kanke,Villager / Citizen,Low,16-08-2026,water_management,,Village overhead tank has enough water but the distribution pipeline does not reach three hamlets at the far end.,synthetic_augmented_v2,natural_english,23.3441,85.3096,synthetic_district_centroid_for_demo,train
JH-26043-A002-WAT,Dhanbad,Govindpur,Mukhiya / PRI Rep,Medium,02-06-2026,water_management,,Chapakal water turns muddy after rainfall and the panchayat has no routine water-quality testing schedule.,synthetic_augmented_v2,natural_english,23.7957,86.4304,synthetic_district_centroid_for_demo,train
JH-26043-A003-WAT,Bokaro,Petarwar,Ward Member (ULB),High,21-08-2026,water_management,,Women in a remote tola are spending hours collecting drinking water because the community standpost has been dry for a month.,synthetic_augmented_v2,natural_english,23.6693,86.1511,synthetic_district_centroid_for_demo,validation
JH-26043-A004-WAT,Dumka,Ramgarh,SHG Leader (Sakhi Mandal),Critical,25-01-2026,water_management,,Farm borewells are being drilled deeper every year and the village wants a groundwater recharge plan before summer.,synthetic_augmented_v2,natural_english,24.2676,87.2497,synthetic_district_centroid_for_demo,train
JH-26043-A005-WAT,Hazaribagh,Barkagaon,Local Youth Group,Low,06-08-2026,water_management,,Water from the public well is contaminated by nearby drainage and families are using untreated water for cooking.,synthetic_augmented_v2,natural_english,23.9966,85.3691,synthetic_district_centroid_for_demo,train
JH-26043-A006-WAT,Palamu,Chainpur,Villager / Citizen,Medium,21-05-2026,water_management,,Panchayat water tanker visits are irregular and residents cannot see the route or delivery schedule.,synthetic_augmented_v2,natural_english,24.03,84.07,synthetic_district_centroid_for_demo,train
JH-26043-A007-WAT,East Singhbhum,Potka,Mukhiya / PRI Rep,High,03-03-2026,water_management,,Several handpumps work only intermittently because spare washers and repair kits are unavailable at the block level.,synthetic_augmented_v2,natural_english,22.8046,86.2029,synthetic_district_centroid_for_demo,train
JH-26043-A008-WAT,West Singhbhum,Noamundi,Ward Member (ULB),Critical,03-03-2026,water_management,,Roof rainwater from the school and panchayat building is being wasted instead of being stored for the dry season.,synthetic_augmented_v2,natural_english,22.557,85.581,synthetic_district_centroid_for_demo,validation
JH-26043-A009-WAT,Ranchi,Angara,SHG Leader (Sakhi Mandal),Low,28-04-2026,water_management,,Groundwater level has fallen sharply around the mining-affected settlement and existing wells are becoming unusable.,synthetic_augmented_v2,natural_english,23.3441,85.3096,synthetic_district_centroid_for_demo,train
JH-26043-A010-WAT,Dhanbad,Govindpur,Local Youth Group,Medium,28-08-2026,water_management,,"Households report different water pressure at the same village pipeline, suggesting leakage or poor network balancing.",synthetic_augmented_v2,natural_english,23.7957,86.4304,synthetic_district_centroid_for_demo,test
JH-26043-A001-AGR,Bokaro,Petarwar,Villager / Citizen,High,05-08-2026,agriculture,,Rice farmers need an early warning for stem borer because the infestation is spreading across neighbouring fields.,synthetic_augmented_v2,natural_english,23.6693,86.1511,synthetic_district_centroid_for_demo,train
JH-26043-A002-AGR,Dumka,Ramgarh,Mukhiya / PRI Rep,Critical,21-08-2026,agriculture,,Small farmers cannot identify genuine fertilizer packets and are asking for a simple verification mechanism at the cooperative.,synthetic_augmented_v2,natural_english,24.2676,87.2497,synthetic_district_centroid_for_demo,train
JH-26043-A003-AGR,Hazaribagh,Barkagaon,Ward Member (ULB),Low,22-08-2026,agriculture,,Vegetable growers lose produce every summer because there is no affordable cold room near the local market.,synthetic_augmented_v2,natural_english,23.9966,85.3691,synthetic_district_centroid_for_demo,train
JH-26043-A004-AGR,Palamu,Chainpur,SHG Leader (Sakhi Mandal),Medium,08-08-2026,agriculture,,Farmers want soil-test based fertilizer advice instead of applying the same dose to every field.,synthetic_augmented_v2,natural_english,24.03,84.07,synthetic_district_centroid_for_demo,train
JH-26043-A005-AGR,East Singhbhum,Golmuri-Cum-Jugsalai,Local Youth Group,High,10-02-2026,agriculture,,Goat and poultry rearers in the village lack access to veterinary extension visits and basic disease-prevention guidance.,synthetic_augmented_v2,natural_english,22.8046,86.2029,synthetic_district_centroid_for_demo,train
JH-26043-A006-AGR,West Singhbhum,Noamundi,Villager / Citizen,Critical,18-04-2026,agriculture,,Maize cultivation is affected by irregular rainfall and farmers need crop planning advice based on local weather conditions.,synthetic_augmented_v2,natural_english,22.557,85.581,synthetic_district_centroid_for_demo,train
JH-26043-A007-AGR,Ranchi,Namkum,Mukhiya / PRI Rep,Low,18-08-2026,agriculture,,"Seed distribution reached the panchayat late, after the recommended sowing window had already passed.",synthetic_augmented_v2,natural_english,23.3441,85.3096,synthetic_district_centroid_for_demo,train
JH-26043-A008-AGR,Dhanbad,Govindpur,Ward Member (ULB),Medium,05-03-2026,agriculture,,Farmers are unable to sell lac at a fair price because they do not have transparent market-rate information.,synthetic_augmented_v2,natural_english,23.7957,86.4304,synthetic_district_centroid_for_demo,train
JH-26043-A009-AGR,Bokaro,Petarwar,SHG Leader (Sakhi Mandal),High,28-01-2026,agriculture,,An irrigation canal is silted up and cultivable land at its tail end receives very little water.,synthetic_augmented_v2,natural_english,23.6693,86.1511,synthetic_district_centroid_for_demo,validation
JH-26043-A010-AGR,Dumka,Ramgarh,Local Youth Group,Critical,17-01-2026,agriculture,,Women farmers need training on post-harvest grading and packaging to reduce losses before produce reaches the haat.,synthetic_augmented_v2,natural_english,24.2676,87.2497,synthetic_district_centroid_for_demo,test
JH-26043-A001-HEA,Hazaribagh,Barkagaon,Villager / Citizen,Low,13-05-2026,healthcare,,The sub-centre has no functional refrigerator for vaccines and outreach sessions are being postponed.,synthetic_augmented_v2,natural_english,23.9966,85.3691,synthetic_district_centroid_for_demo,validation
JH-26043-A002-HEA,Palamu,Chainpur,Mukhiya / PRI Rep,Medium,17-04-2026,healthcare,,Several remote families do not know when the mobile medical team will visit their village.,synthetic_augmented_v2,natural_english,24.03,84.07,synthetic_district_centroid_for_demo,train
JH-26043-A003-HEA,East Singhbhum,Patamda,Ward Member (ULB),High,04-08-2026,healthcare,,Patients with suspected tuberculosis are travelling repeatedly because sample collection is not available locally.,synthetic_augmented_v2,natural_english,22.8046,86.2029,synthetic_district_centroid_for_demo,train
JH-26043-A004-HEA,West Singhbhum,Noamundi,SHG Leader (Sakhi Mandal),Critical,07-04-2026,healthcare,,The PHC has essential medicines on paper but patients are frequently told that the stock is unavailable.,synthetic_augmented_v2,natural_english,22.557,85.581,synthetic_district_centroid_for_demo,train
JH-26043-A005-HEA,Ranchi,Mandar,Local Youth Group,Low,27-08-2026,healthcare,,Pregnant women in remote hamlets need a reliable referral and transport system for emergency delivery cases.,synthetic_augmented_v2,natural_english,23.3441,85.3096,synthetic_district_centroid_for_demo,train
JH-26043-A006-HEA,Dhanbad,Govindpur,Villager / Citizen,Medium,18-08-2026,healthcare,,Health workers want a simple dashboard to identify villages with low immunization coverage.,synthetic_augmented_v2,natural_english,23.7957,86.4304,synthetic_district_centroid_for_demo,test
JH-26043-A007-HEA,Bokaro,Petarwar,Mukhiya / PRI Rep,High,22-05-2026,healthcare,,Elderly patients struggle to travel to the hospital for routine follow-up and need telemedicine support.,synthetic_augmented_v2,natural_english,23.6693,86.1511,synthetic_district_centroid_for_demo,test
JH-26043-A008-HEA,Dumka,Ramgarh,Ward Member (ULB),Critical,19-08-2026,healthcare,,Diarrhoea cases increased after the monsoon but household-level disease surveillance is not reaching the block office quickly.,synthetic_augmented_v2,natural_english,24.2676,87.2497,synthetic_district_centroid_for_demo,train
JH-26043-A009-HEA,Hazaribagh,Barkagaon,SHG Leader (Sakhi Mandal),Low,18-01-2026,healthcare,,The ambulance contact number is displayed at the health centre but connectivity is poor in several interior villages.,synthetic_augmented_v2,natural_english,23.9966,85.3691,synthetic_district_centroid_for_demo,train
JH-26043-A010-HEA,Palamu,Chainpur,Local Youth Group,Medium,25-04-2026,healthcare,,Community health workers need digital tools to track high-risk mothers and missed follow-up visits.,synthetic_augmented_v2,natural_english,24.03,84.07,synthetic_district_centroid_for_demo,test
JH-26043-A001-EDU,East Singhbhum,Potka,Villager / Citizen,High,14-04-2026,education,,Students in a remote middle school have textbooks but no functioning science equipment for practical learning.,synthetic_augmented_v2,natural_english,22.8046,86.2029,synthetic_district_centroid_for_demo,train
JH-26043-A002-EDU,West Singhbhum,Noamundi,Mukhiya / PRI Rep,Critical,15-08-2026,education,,Teachers are transferred frequently and the school timetable is disrupted because replacement staff are not arranged.,synthetic_augmented_v2,natural_english,22.557,85.581,synthetic_district_centroid_for_demo,train
JH-26043-A003-EDU,Ranchi,Ormanjhi,Ward Member (ULB),Low,12-02-2026,education,,Many children in the tribal hamlet miss school during seasonal migration and need flexible learning support.,synthetic_augmented_v2,natural_english,23.3441,85.3096,synthetic_district_centroid_for_demo,train
JH-26043-A004-EDU,Dhanbad,Govindpur,SHG Leader (Sakhi Mandal),Medium,08-08-2026,education,,Parents are unable to access scholarship status because the school has no reliable digital assistance desk.,synthetic_augmented_v2,natural_english,23.7957,86.4304,synthetic_district_centroid_for_demo,train
JH-26043-A005-EDU,Bokaro,Petarwar,Local Youth Group,High,26-08-2026,education,,Girls leave school after upper primary because safe transport to the nearest secondary school is unavailable.,synthetic_augmented_v2,natural_english,23.6693,86.1511,synthetic_district_centroid_for_demo,train
JH-26043-A006-EDU,Dumka,Ramgarh,Villager / Citizen,Critical,02-07-2026,education,,The school has computers donated by an organisation but there is no internet connection or trained operator.,synthetic_augmented_v2,natural_english,24.2676,87.2497,synthetic_district_centroid_for_demo,train
JH-26043-A007-EDU,Hazaribagh,Barkagaon,Mukhiya / PRI Rep,Low,07-01-2026,education,,Teachers report weak reading skills among early-grade students and need local-language learning material.,synthetic_augmented_v2,natural_english,23.9966,85.3691,synthetic_district_centroid_for_demo,train
JH-26043-A008-EDU,Palamu,Chainpur,Ward Member (ULB),Medium,24-04-2026,education,,"School toilets are present but water is unavailable, causing students to avoid using them.",synthetic_augmented_v2,natural_english,24.03,84.07,synthetic_district_centroid_for_demo,train
JH-26043-A009-EDU,East Singhbhum,Golmuri-Cum-Jugsalai,SHG Leader (Sakhi Mandal),High,07-07-2026,education,,Attendance registers are maintained manually and the block office receives delayed information about prolonged absence.,synthetic_augmented_v2,natural_english,22.8046,86.2029,synthetic_district_centroid_for_demo,train
JH-26043-A010-EDU,West Singhbhum,Noamundi,Local Youth Group,Critical,19-05-2026,education,,Children with disabilities are enrolled but classroom materials and teaching methods are not adapted to their needs.,synthetic_augmented_v2,natural_english,22.557,85.581,synthetic_district_centroid_for_demo,train
JH-26043-A001-SAN,Ranchi,Kanke,Villager / Citizen,Low,21-01-2026,sanitation,,Household wastewater flows onto the village lane because there is no proper soakage or drainage arrangement.,synthetic_augmented_v2,natural_english,23.3441,85.3096,synthetic_district_centroid_for_demo,train
JH-26043-A002-SAN,Dhanbad,Govindpur,Mukhiya / PRI Rep,Medium,04-08-2026,sanitation,,"Garbage collection reaches the market but not the nearby residential lanes, leaving waste piles for several days.",synthetic_augmented_v2,natural_english,23.7957,86.4304,synthetic_district_centroid_for_demo,train
JH-26043-A003-SAN,Bokaro,Petarwar,Ward Member (ULB),High,23-05-2026,sanitation,,The community toilet has been constructed but the water connection was never activated.,synthetic_augmented_v2,natural_english,23.6693,86.1511,synthetic_district_centroid_for_demo,test
JH-26043-A004-SAN,Dumka,Ramgarh,SHG Leader (Sakhi Mandal),Critical,22-03-2026,sanitation,,Plastic waste is being burned beside houses because there is no regular collection or segregation facility.,synthetic_augmented_v2,natural_english,24.2676,87.2497,synthetic_district_centroid_for_demo,test
JH-26043-A005-SAN,Hazaribagh,Barkagaon,Local Youth Group,Low,24-07-2026,sanitation,,Septic tanks in the settlement overflow during heavy rain and contaminate the surrounding open area.,synthetic_augmented_v2,natural_english,23.9966,85.3691,synthetic_district_centroid_for_demo,validation
JH-26043-A006-SAN,Palamu,Chainpur,Villager / Citizen,Medium,11-02-2026,sanitation,,School sanitation facilities are not cleaned regularly and students are reporting foul smell and insects.,synthetic_augmented_v2,natural_english,24.03,84.07,synthetic_district_centroid_for_demo,train
JH-26043-A007-SAN,East Singhbhum,Patamda,Mukhiya / PRI Rep,High,17-05-2026,sanitation,,The weekly haat has no designated waste collection point and vendors leave mixed waste after market day.,synthetic_augmented_v2,natural_english,22.8046,86.2029,synthetic_district_centroid_for_demo,train
JH-26043-A008-SAN,West Singhbhum,Noamundi,Ward Member (ULB),Critical,14-08-2026,sanitation,,"Drain covers are missing along a residential lane, creating both sanitation and pedestrian safety problems.",synthetic_augmented_v2,natural_english,22.557,85.581,synthetic_district_centroid_for_demo,test
JH-26043-A009-SAN,Ranchi,Angara,SHG Leader (Sakhi Mandal),Low,25-03-2026,sanitation,,Households want a low-cost greywater management system because wastewater is stagnating behind their homes.,synthetic_augmented_v2,natural_english,23.3441,85.3096,synthetic_district_centroid_for_demo,train
JH-26043-A010-SAN,Dhanbad,Govindpur,Local Youth Group,Medium,08-07-2026,sanitation,,Sanitation workers lack protective equipment and a predictable schedule for cleaning public facilities.,synthetic_augmented_v2,natural_english,23.7957,86.4304,synthetic_district_centroid_for_demo,validation
JH-26043-A001-ENE,Bokaro,Petarwar,Villager / Citizen,High,24-03-2026,energy,,A village solar street-light system has stopped working because several batteries have failed and replacement is delayed.,synthetic_augmented_v2,natural_english,23.6693,86.1511,synthetic_district_centroid_for_demo,train
JH-26043-A002-ENE,Dumka,Ramgarh,Mukhiya / PRI Rep,Critical,13-08-2026,energy,,Frequent evening power cuts interrupt irrigation pumps and small shops in the rural market.,synthetic_augmented_v2,natural_english,24.2676,87.2497,synthetic_district_centroid_for_demo,train
JH-26043-A003-ENE,Hazaribagh,Barkagaon,Ward Member (ULB),Low,18-03-2026,energy,,Households near the feeder report repeated voltage spikes that damage televisions and water pumps.,synthetic_augmented_v2,natural_english,23.9966,85.3691,synthetic_district_centroid_for_demo,train
JH-26043-A004-ENE,Palamu,Chainpur,SHG Leader (Sakhi Mandal),Medium,11-05-2026,energy,,An agricultural cold-storage unit cannot operate reliably because the local distribution supply is unstable.,synthetic_augmented_v2,natural_english,24.03,84.07,synthetic_district_centroid_for_demo,validation
JH-26043-A005-ENE,East Singhbhum,Potka,Local Youth Group,High,01-01-2026,energy,,Electricity connections have reached new houses but some meters remain unenergized after installation.,synthetic_augmented_v2,natural_english,22.8046,86.2029,synthetic_district_centroid_for_demo,test
JH-26043-A006-ENE,West Singhbhum,Noamundi,Villager / Citizen,Critical,05-03-2026,energy,,Street lights along the school road remain off for weeks because faults are reported manually.,synthetic_augmented_v2,natural_english,22.557,85.581,synthetic_district_centroid_for_demo,train
JH-26043-A007-ENE,Ranchi,Namkum,Mukhiya / PRI Rep,Low,03-06-2026,energy,,A community wants a solar microgrid for a hamlet where extending the main distribution line is costly.,synthetic_augmented_v2,natural_english,23.3441,85.3096,synthetic_district_centroid_for_demo,test
JH-26043-A008-ENE,Dhanbad,Govindpur,Ward Member (ULB),Medium,14-08-2026,energy,,"Power consumption data is not available at the village transformer, making local fault diagnosis difficult.",synthetic_augmented_v2,natural_english,23.7957,86.4304,synthetic_district_centroid_for_demo,train
JH-26043-A009-ENE,Bokaro,Petarwar,SHG Leader (Sakhi Mandal),High,09-03-2026,energy,,Several small enterprises are losing working hours because the feeder trips repeatedly during peak demand.,synthetic_augmented_v2,natural_english,23.6693,86.1511,synthetic_district_centroid_for_demo,train
JH-26043-A010-ENE,Dumka,Ramgarh,Local Youth Group,Critical,22-07-2026,energy,,Residents need an energy audit to identify where a public building can reduce electricity consumption.,synthetic_augmented_v2,natural_english,24.2676,87.2497,synthetic_district_centroid_for_demo,train
JH-26043-A001-ENV,Hazaribagh,Barkagaon,Villager / Citizen,Low,21-01-2026,environment,,Coal transport trucks raise heavy dust along the settlement road and residents want continuous air-quality monitoring.,synthetic_augmented_v2,natural_english,23.9966,85.3691,synthetic_district_centroid_for_demo,validation
JH-26043-A002-ENV,Palamu,Chainpur,Mukhiya / PRI Rep,Medium,14-08-2026,environment,,A stream near an industrial area has changed colour and villagers are concerned about untreated effluent discharge.,synthetic_augmented_v2,natural_english,24.03,84.07,synthetic_district_centroid_for_demo,train
JH-26043-A003-ENV,East Singhbhum,Golmuri-Cum-Jugsalai,Ward Member (ULB),High,28-08-2026,environment,,Tree cover around the village has declined rapidly because of uncontrolled cutting and weak community monitoring.,synthetic_augmented_v2,natural_english,22.8046,86.2029,synthetic_district_centroid_for_demo,train
JH-26043-A004-ENV,West Singhbhum,Noamundi,SHG Leader (Sakhi Mandal),Critical,16-03-2026,environment,,Mine spoil has been dumped near agricultural land and rainwater is carrying sediment into nearby fields.,synthetic_augmented_v2,natural_english,22.557,85.581,synthetic_district_centroid_for_demo,train
JH-26043-A005-ENV,Ranchi,Mandar,Local Youth Group,Low,08-06-2026,environment,,Farmers report crop damage near an industrial zone and want soil and water samples tested independently.,synthetic_augmented_v2,natural_english,23.3441,85.3096,synthetic_district_centroid_for_demo,train
JH-26043-A006-ENV,Dhanbad,Govindpur,Villager / Citizen,Medium,28-07-2026,environment,,Forest-fire incidents are increasing in the dry season and local volunteers need an early-warning mechanism.,synthetic_augmented_v2,natural_english,23.7957,86.4304,synthetic_district_centroid_for_demo,validation
JH-26043-A007-ENV,Bokaro,Petarwar,Mukhiya / PRI Rep,High,12-01-2026,environment,,Plastic and other non-biodegradable waste is accumulating near a forest edge used by villagers.,synthetic_augmented_v2,natural_english,23.6693,86.1511,synthetic_district_centroid_for_demo,train
JH-26043-A008-ENV,Dumka,Ramgarh,Ward Member (ULB),Critical,18-07-2026,environment,,Water bodies around the mining belt are becoming shallow because of siltation and land disturbance.,synthetic_augmented_v2,natural_english,24.2676,87.2497,synthetic_district_centroid_for_demo,test
JH-26043-A009-ENV,Hazaribagh,Barkagaon,SHG Leader (Sakhi Mandal),Low,15-08-2026,environment,,The village wants to restore a degraded common pond using native vegetation and community participation.,synthetic_augmented_v2,natural_english,23.9966,85.3691,synthetic_district_centroid_for_demo,test
JH-26043-A010-ENV,Palamu,Chainpur,Local Youth Group,Medium,26-02-2026,environment,,Smoke from small industrial units is affecting nearby settlements and residents need a mechanism to document recurring pollution.,synthetic_augmented_v2,natural_english,24.03,84.07,synthetic_district_centroid_for_demo,train
JH-26043-A001-URB,East Singhbhum,Patamda,Villager / Citizen,High,08-06-2026,urban_infrastructure,,The road connecting the bus stand to the hospital has large potholes and becomes unsafe for ambulances after rain.,synthetic_augmented_v2,natural_english,22.8046,86.2029,synthetic_district_centroid_for_demo,validation
JH-26043-A002-URB,West Singhbhum,Noamundi,Mukhiya / PRI Rep,Critical,17-01-2026,urban_infrastructure,,Stormwater backs up at a busy junction because the existing drain is too small for heavy rainfall.,synthetic_augmented_v2,natural_english,22.557,85.581,synthetic_district_centroid_for_demo,validation
JH-26043-A003-URB,Ranchi,Ormanjhi,Ward Member (ULB),Low,03-07-2026,urban_infrastructure,,Street vendors and pedestrians share a narrow road because there is no designated pedestrian space in the market.,synthetic_augmented_v2,natural_english,23.3441,85.3096,synthetic_district_centroid_for_demo,train
JH-26043-A004-URB,Dhanbad,Govindpur,SHG Leader (Sakhi Mandal),Medium,21-06-2026,urban_infrastructure,,A culvert on the ward road is damaged and vehicles are using a temporary diversion.,synthetic_augmented_v2,natural_english,23.7957,86.4304,synthetic_district_centroid_for_demo,validation
JH-26043-A005-URB,Bokaro,Petarwar,Local Youth Group,High,17-07-2026,urban_infrastructure,,"Road excavation for utility work has remained unfinished, leaving loose soil and unsafe traffic conditions.",synthetic_augmented_v2,natural_english,23.6693,86.1511,synthetic_district_centroid_for_demo,train
JH-26043-A006-URB,Dumka,Ramgarh,Villager / Citizen,Critical,07-08-2026,urban_infrastructure,,"The municipality lacks a consolidated map of streetlights, roads, drains and other public assets.",synthetic_augmented_v2,natural_english,24.2676,87.2497,synthetic_district_centroid_for_demo,train
JH-26043-A007-URB,Hazaribagh,Barkagaon,Mukhiya / PRI Rep,Low,24-08-2026,urban_infrastructure,,Waterlogging repeatedly blocks the entrance to the railway-side settlement during monsoon showers.,synthetic_augmented_v2,natural_english,23.9966,85.3691,synthetic_district_centroid_for_demo,train
JH-26043-A008-URB,Palamu,Chainpur,Ward Member (ULB),Medium,10-05-2026,urban_infrastructure,,Traffic around the weekly market needs a safer circulation plan because vehicles and pedestrians mix heavily.,synthetic_augmented_v2,natural_english,24.03,84.07,synthetic_district_centroid_for_demo,train
JH-26043-A009-URB,East Singhbhum,Potka,SHG Leader (Sakhi Mandal),High,25-01-2026,urban_infrastructure,,"A newly built road has no proper slope or side drainage, causing erosion of the road edge.",synthetic_augmented_v2,natural_english,22.8046,86.2029,synthetic_district_centroid_for_demo,train
JH-26043-A010-URB,West Singhbhum,Noamundi,Local Youth Group,Critical,19-03-2026,urban_infrastructure,,Residents cannot easily report broken public infrastructure because complaints are scattered across different offices.,synthetic_augmented_v2,natural_english,22.557,85.581,synthetic_district_centroid_for_demo,train
JH-26043-A001-ACC,Ranchi,Kanke,Villager / Citizen,Low,10-01-2026,accessibility,,"The block office entrance has steps only, so wheelchair users depend on others to enter the building.",synthetic_augmented_v2,natural_english,23.3441,85.3096,synthetic_district_centroid_for_demo,train
JH-26043-A002-ACC,Dhanbad,Govindpur,Mukhiya / PRI Rep,Medium,04-02-2026,accessibility,,Public notices are posted only in small print and are difficult for people with low vision to read.,synthetic_augmented_v2,natural_english,23.7957,86.4304,synthetic_district_centroid_for_demo,train
JH-26043-A003-ACC,Bokaro,Petarwar,Ward Member (ULB),High,27-02-2026,accessibility,,The government hospital has a ramp but its slope is too steep for independent wheelchair use.,synthetic_augmented_v2,natural_english,23.6693,86.1511,synthetic_district_centroid_for_demo,validation
JH-26043-A004-ACC,Dumka,Ramgarh,SHG Leader (Sakhi Mandal),Critical,15-08-2026,accessibility,,Persons with hearing impairment need visual alerts and accessible communication during public service appointments.,synthetic_augmented_v2,natural_english,24.2676,87.2497,synthetic_district_centroid_for_demo,train
JH-26043-A005-ACC,Hazaribagh,Barkagaon,Local Youth Group,Low,03-05-2026,accessibility,,The bus stop has no safe boarding arrangement for people with mobility difficulties.,synthetic_augmented_v2,natural_english,23.9966,85.3691,synthetic_district_centroid_for_demo,train
JH-26043-A006-ACC,Palamu,Chainpur,Villager / Citizen,Medium,24-08-2026,accessibility,,An online government form cannot be completed using a keyboard-only workflow or screen reader.,synthetic_augmented_v2,natural_english,24.03,84.07,synthetic_district_centroid_for_demo,validation
JH-26043-A007-ACC,East Singhbhum,Golmuri-Cum-Jugsalai,Mukhiya / PRI Rep,High,12-05-2026,accessibility,,The public toilet has no accessible stall despite serving a busy market area.,synthetic_augmented_v2,natural_english,22.8046,86.2029,synthetic_district_centroid_for_demo,train
JH-26043-A008-ACC,West Singhbhum,Noamundi,Ward Member (ULB),Critical,27-01-2026,accessibility,,Officials want accessibility audits of schools and public offices using a standard checklist.,synthetic_augmented_v2,natural_english,22.557,85.581,synthetic_district_centroid_for_demo,train
JH-26043-A009-ACC,Ranchi,Angara,SHG Leader (Sakhi Mandal),Low,28-08-2026,accessibility,,People with disabilities are missing welfare services because information is not available in accessible formats.,synthetic_augmented_v2,natural_english,23.3441,85.3096,synthetic_district_centroid_for_demo,validation
JH-26043-A010-ACC,Dhanbad,Govindpur,Local Youth Group,Medium,02-02-2026,accessibility,,The community meeting hall has narrow doors and fixed seating that prevents easy wheelchair movement.,synthetic_augmented_v2,natural_english,23.7957,86.4304,synthetic_district_centroid_for_demo,train
JH-26043-A001-RUR,Bokaro,Petarwar,Villager / Citizen,High,23-04-2026,rural_livelihoods,,Women from a Sakhi Mandal can produce leaf plates but lack equipment and a dependable market buyer.,synthetic_augmented_v2,natural_english,23.6693,86.1511,synthetic_district_centroid_for_demo,train
JH-26043-A002-RUR,Dumka,Ramgarh,Mukhiya / PRI Rep,Critical,09-07-2026,rural_livelihoods,,Local artisans make bamboo products but intermediaries capture most of the value because direct buyers are unavailable.,synthetic_augmented_v2,natural_english,24.2676,87.2497,synthetic_district_centroid_for_demo,validation
JH-26043-A003-RUR,Hazaribagh,Barkagaon,Ward Member (ULB),Low,17-01-2026,rural_livelihoods,,MGNREGA workers report delayed wage payments and have difficulty tracking the status of their work demand.,synthetic_augmented_v2,natural_english,23.9966,85.3691,synthetic_district_centroid_for_demo,train
JH-26043-A004-RUR,Palamu,Chainpur,SHG Leader (Sakhi Mandal),Medium,18-08-2026,rural_livelihoods,,Tribal households collecting minor forest produce need better storage and market information before the selling season.,synthetic_augmented_v2,natural_english,24.03,84.07,synthetic_district_centroid_for_demo,train
JH-26043-A005-RUR,East Singhbhum,Patamda,Local Youth Group,High,08-05-2026,rural_livelihoods,,Rural youth want skill training linked to actual local employers rather than generic courses.,synthetic_augmented_v2,natural_english,22.8046,86.2029,synthetic_district_centroid_for_demo,validation
JH-26043-A006-RUR,West Singhbhum,Noamundi,Villager / Citizen,Critical,01-05-2026,rural_livelihoods,,Small dairy producers lack a nearby chilling point and lose value when milk cannot be collected on time.,synthetic_augmented_v2,natural_english,22.557,85.581,synthetic_district_centroid_for_demo,test
JH-26043-A007-RUR,Ranchi,Namkum,Mukhiya / PRI Rep,Low,11-08-2026,rural_livelihoods,,Women entrepreneurs need digital payment and bookkeeping training to manage their small village enterprises.,synthetic_augmented_v2,natural_english,23.3441,85.3096,synthetic_district_centroid_for_demo,train
JH-26043-A008-RUR,Dhanbad,Govindpur,Ward Member (ULB),Medium,27-03-2026,rural_livelihoods,,A weekly market connects producers and buyers but there is no transparent price information for local products.,synthetic_augmented_v2,natural_english,23.7957,86.4304,synthetic_district_centroid_for_demo,test
JH-26043-A009-RUR,Bokaro,Petarwar,SHG Leader (Sakhi Mandal),High,15-05-2026,rural_livelihoods,,Self-help groups want access to small working-capital loans and guidance on preparing business plans.,synthetic_augmented_v2,natural_english,23.6693,86.1511,synthetic_district_centroid_for_demo,validation
JH-26043-A010-RUR,Dumka,Ramgarh,Local Youth Group,Critical,05-07-2026,rural_livelihoods,,Seasonal migration is reducing local labour availability and families want viable livelihood opportunities within the district.,synthetic_augmented_v2,natural_english,24.2676,87.2497,synthetic_district_centroid_for_demo,train
JH-26043-A001-PUB,Hazaribagh,Barkagaon,Villager / Citizen,Low,08-08-2026,public_administration,,Residents cannot see the status of their land mutation application after submitting documents at the circle office.,synthetic_augmented_v2,natural_english,23.9966,85.3691,synthetic_district_centroid_for_demo,validation
JH-26043-A002-PUB,Palamu,Chainpur,Mukhiya / PRI Rep,Medium,20-02-2026,public_administration,,People travelling to the block office make repeated visits because required documents are not clearly listed online.,synthetic_augmented_v2,natural_english,24.03,84.07,synthetic_district_centroid_for_demo,validation
JH-26043-A003-PUB,East Singhbhum,Potka,Ward Member (ULB),High,04-01-2026,public_administration,,Citizens want an SMS acknowledgement when a grievance is registered and another message when action is taken.,synthetic_augmented_v2,natural_english,22.8046,86.2029,synthetic_district_centroid_for_demo,test
JH-26043-A004-PUB,West Singhbhum,Noamundi,SHG Leader (Sakhi Mandal),Critical,23-06-2026,public_administration,,Panchayat beneficiaries report that service requests are recorded in registers but monthly status reports are delayed.,synthetic_augmented_v2,natural_english,22.557,85.581,synthetic_district_centroid_for_demo,train
JH-26043-A005-PUB,Ranchi,Mandar,Local Youth Group,Low,11-07-2026,public_administration,,Applicants for certificates need a transparent queue or tracking number instead of relying on repeated office visits.,synthetic_augmented_v2,natural_english,23.3441,85.3096,synthetic_district_centroid_for_demo,validation
JH-26043-A006-PUB,Dhanbad,Govindpur,Villager / Citizen,Medium,25-01-2026,public_administration,,Public hearing dates are announced late and many villagers do not know where to submit supporting documents.,synthetic_augmented_v2,natural_english,23.7957,86.4304,synthetic_district_centroid_for_demo,train
JH-26043-A007-PUB,Bokaro,Petarwar,Mukhiya / PRI Rep,High,08-02-2026,public_administration,,Citizens want a dashboard showing pending grievances by department and how long each has remained unresolved.,synthetic_augmented_v2,natural_english,23.6693,86.1511,synthetic_district_centroid_for_demo,train
JH-26043-A008-PUB,Dumka,Ramgarh,Ward Member (ULB),Critical,26-08-2026,public_administration,,"Some welfare applications are rejected without a clear explanation, making it difficult for applicants to correct mistakes.",synthetic_augmented_v2,natural_english,24.2676,87.2497,synthetic_district_centroid_for_demo,train
JH-26043-A009-PUB,Hazaribagh,Barkagaon,SHG Leader (Sakhi Mandal),Low,09-08-2026,public_administration,,"Panchayat staff maintain separate spreadsheets for schemes and complaints, making consolidation difficult.",synthetic_augmented_v2,natural_english,23.9966,85.3691,synthetic_district_centroid_for_demo,train
JH-26043-A010-PUB,Palamu,Chainpur,Local Youth Group,Medium,08-05-2026,public_administration,,Residents need a multilingual help facility to understand government services without depending on middlemen.,synthetic_augmented_v2,natural_english,24.03,84.07,synthetic_district_centroid_for_demo,train
JH-26043-AUG500,East Singhbhum,Ghatshila,Mukhiya / PRI Rep,High,01-09-2026,water_management,,Pani nahi aa raha 5 din se,synthetic_augmentation_v1,hinglish_or_local_terms,22.8046,86.2029,synthetic_district_centroid_for_demo,train
JH-26043-AUG501,Ranchi,Angara,Ward Member (ULB),Low,01-09-2026,water_management,,"The community water supply infrastructure in our panchayat has been non-operational for approximately five days now, and despite multiple verbal requests to the concerned Junior Engineer at the block office, no repair crew has been dispatched, leaving over two hundred households dependent on a single distant handpump that itself shows signs of mechanical fatigue",synthetic_augmentation_v1,formal_or_detailed,23.3441,85.3096,synthetic_district_centroid_for_demo,train
JH-26043-AUG502,Ranchi,Bero,SHG Leader (Sakhi Mandal),Critical,01-09-2026,water_management,,"No water since Monday, tank empty",synthetic_augmentation_v1,short_complaint,23.3441,85.3096,synthetic_district_centroid_for_demo,train
JH-26043-AUG503,Ranchi,Mandar,Villager / Citizen,High,01-09-2026,agriculture,,Fasal kharab ho gayi baarish se,synthetic_augmentation_v1,hinglish_or_local_terms,23.3441,85.3096,synthetic_district_centroid_for_demo,train
JH-26043-AUG504,Hazaribagh,Barhi,Ward Member (ULB),Critical,01-09-2026,agriculture,,"Following the unseasonal heavy rainfall event last week, a significant portion of standing paddy crop across multiple farmer holdings in our block has suffered waterlogging damage, and farmers are requesting an urgent crop-damage assessment survey so that compensation claims under the state agricultural relief scheme can be processed before the next sowing cycle begins",synthetic_augmentation_v1,formal_or_detailed,23.9966,85.3691,synthetic_district_centroid_for_demo,train
JH-26043-AUG505,Ranchi,Kanke,Ward Member (ULB),High,01-09-2026,agriculture,,Seeds not given by PACS yet,synthetic_augmentation_v1,short_complaint,23.3441,85.3096,synthetic_district_centroid_for_demo,train
JH-26043-AUG506,Palamu,Panki,Villager / Citizen,Medium,01-09-2026,healthcare,,Doctor nahi aata clinic mein,synthetic_augmentation_v1,hinglish_or_local_terms,24.03,84.07,synthetic_district_centroid_for_demo,train
JH-26043-AUG507,East Singhbhum,Golmuri-Cum-Jugsalai,Mukhiya / PRI Rep,Medium,01-09-2026,healthcare,,"The primary health sub-centre serving our cluster of villages has remained without a posted medical officer for over three months, forcing pregnant women and elderly patients requiring routine check-ups to travel over fifteen kilometers to the nearest functional facility, which is placing a significant financial and logistical burden on already vulnerable households",synthetic_augmentation_v1,formal_or_detailed,22.8046,86.2029,synthetic_district_centroid_for_demo,train
JH-26043-AUG508,Hazaribagh,Barhi,Local Youth Group,High,01-09-2026,healthcare,,ANM not visiting for checkups,synthetic_augmentation_v1,short_complaint,23.9966,85.3691,synthetic_district_centroid_for_demo,train
JH-26043-AUG509,Dumka,Jama,SHG Leader (Sakhi Mandal),Critical,01-09-2026,education,,School mein teacher nahi hai,synthetic_augmentation_v1,hinglish_or_local_terms,24.2676,87.2497,synthetic_district_centroid_for_demo,train
JH-26043-AUG510,Ranchi,Kanke,Local Youth Group,Medium,01-09-2026,education,,"Our upper-primary school has been operating with only a single teacher for all five grades since the last academic transfer cycle, resulting in combined-classroom instruction that is severely compromising learning outcomes, particularly for students in grades four and five who are preparing for board-level transition assessments next year",synthetic_augmentation_v1,formal_or_detailed,23.3441,85.3096,synthetic_district_centroid_for_demo,train
JH-26043-AUG511,East Singhbhum,Patamda,Mukhiya / PRI Rep,Low,01-09-2026,education,,No toilets for girls at school,synthetic_augmentation_v1,short_complaint,22.8046,86.2029,synthetic_district_centroid_for_demo,train
JH-26043-AUG512,Ranchi,Namkum,Ward Member (ULB),Critical,01-09-2026,sanitation,,"Naali block hai, badbu aa rahi",synthetic_augmentation_v1,hinglish_or_local_terms,23.3441,85.3096,synthetic_district_centroid_for_demo,train
JH-26043-AUG513,Palamu,Patan,Mukhiya / PRI Rep,High,01-09-2026,sanitation,,"The community drainage channel running along the main village road has been completely blocked with solid waste and silt for over a month, causing stagnant water accumulation that is now visibly breeding mosquito larvae and creating a serious public health hazard, especially with the monsoon season approaching",synthetic_augmentation_v1,formal_or_detailed,24.03,84.07,synthetic_district_centroid_for_demo,train
JH-26043-AUG514,East Singhbhum,Patamda,SHG Leader (Sakhi Mandal),Medium,01-09-2026,sanitation,,Garbage not collected 2 weeks,synthetic_augmentation_v1,short_complaint,22.8046,86.2029,synthetic_district_centroid_for_demo,train
JH-26043-AUG515,Hazaribagh,Ichak,Ward Member (ULB),Critical,01-09-2026,energy,,Bijli baar baar jaati hai,synthetic_augmentation_v1,hinglish_or_local_terms,23.9966,85.3691,synthetic_district_centroid_for_demo,train
JH-26043-AUG516,Ranchi,Bero,Villager / Citizen,Low,01-09-2026,energy,,"Power supply to our hamlet has been intermittent for the past several weeks, with outages lasting anywhere from four to eight hours daily and no clear communication from the electricity department regarding the root cause, which residents suspect is related to an overloaded transformer that has not been upgraded despite population growth in the area",synthetic_augmentation_v1,formal_or_detailed,23.3441,85.3096,synthetic_district_centroid_for_demo,train
JH-26043-AUG517,East Singhbhum,Patamda,Local Youth Group,Medium,01-09-2026,energy,,"Transformer burnt, no power",synthetic_augmentation_v1,short_complaint,22.8046,86.2029,synthetic_district_centroid_for_demo,train
JH-26043-AUG518,Ranchi,Mandar,Mukhiya / PRI Rep,Critical,01-09-2026,environment,,Jungle kat raha hai illegally,synthetic_augmentation_v1,hinglish_or_local_terms,23.3441,85.3096,synthetic_district_centroid_for_demo,train
JH-26043-AUG519,Bokaro,Petarwar,Local Youth Group,Medium,01-09-2026,environment,,"Over the past several months, residents have observed a marked increase in unauthorized tree felling activity within the reserve forest boundary adjacent to our village, and despite reporting this to the forest range office on multiple occasions, no patrol or enforcement action appears to have been taken, raising concerns about long-term watershed and wildlife impact",synthetic_augmentation_v1,formal_or_detailed,23.6693,86.1511,synthetic_district_centroid_for_demo,train
JH-26043-AUG520,West Singhbhum,Majhgaon,Ward Member (ULB),Critical,01-09-2026,environment,,Air quality bad near mine,synthetic_augmentation_v1,short_complaint,22.557,85.581,synthetic_district_centroid_for_demo,train
JH-26043-AUG521,West Singhbhum,Noamundi,Local Youth Group,Medium,01-09-2026,urban_infrastructure,,Road mein bade gaddhe hain,synthetic_augmentation_v1,hinglish_or_local_terms,22.557,85.581,synthetic_district_centroid_for_demo,train
JH-26043-AUG522,East Singhbhum,Ghatshila,Mukhiya / PRI Rep,Low,01-09-2026,urban_infrastructure,,"The main connecting road between our village and the block headquarters has developed several large potholes following the last monsoon season, and with no repair work scheduled, it is becoming increasingly hazardous for two-wheeler commuters and is also delaying emergency vehicle access during medical situations",synthetic_augmentation_v1,formal_or_detailed,22.8046,86.2029,synthetic_district_centroid_for_demo,train
JH-26043-AUG523,Bokaro,Chandankiyari,Mukhiya / PRI Rep,Low,01-09-2026,urban_infrastructure,,Streetlights not working at night,synthetic_augmentation_v1,short_complaint,23.6693,86.1511,synthetic_district_centroid_for_demo,train
JH-26043-AUG524,Dhanbad,Topchanchi,Villager / Citizen,Critical,01-09-2026,accessibility,,Wheelchair ramp nahi hai office mein,synthetic_augmentation_v1,hinglish_or_local_terms,23.7957,86.4304,synthetic_district_centroid_for_demo,train
JH-26043-AUG525,Palamu,Panki,Ward Member (ULB),High,01-09-2026,accessibility,,"The block development office, which is regularly visited by residents with mobility impairments for pension and scheme-related paperwork, still lacks a proper wheelchair ramp or accessible restroom facility, despite this being flagged in a district accessibility audit conducted over a year ago",synthetic_augmentation_v1,formal_or_detailed,24.03,84.07,synthetic_district_centroid_for_demo,train
JH-26043-AUG526,East Singhbhum,Ghatshila,SHG Leader (Sakhi Mandal),High,01-09-2026,accessibility,,No accessible toilet at PHC,synthetic_augmentation_v1,short_complaint,22.8046,86.2029,synthetic_district_centroid_for_demo,train
JH-26043-AUG527,Hazaribagh,Chauparan,Mukhiya / PRI Rep,Medium,01-09-2026,rural_livelihoods,,SHG ka loan approve nahi hua,synthetic_augmentation_v1,hinglish_or_local_terms,23.9966,85.3691,synthetic_district_centroid_for_demo,train
JH-26043-AUG528,Bokaro,Petarwar,SHG Leader (Sakhi Mandal),Medium,01-09-2026,rural_livelihoods,,"Our self-help group submitted a livelihood micro-loan application through the block-level federation over four months ago for a small-scale poultry rearing venture, but repeated follow-ups with the concerned livelihood mission office have yielded no update on approval status, delaying the group's planned income-generation activity for this season",synthetic_augmentation_v1,formal_or_detailed,23.6693,86.1511,synthetic_district_centroid_for_demo,train
JH-26043-AUG529,Hazaribagh,Chauparan,Villager / Citizen,Low,01-09-2026,rural_livelihoods,,No market access for handicrafts,synthetic_augmentation_v1,short_complaint,23.9966,85.3691,synthetic_district_centroid_for_demo,train
JH-26043-AUG530,Dhanbad,Jharia,Mukhiya / PRI Rep,Low,01-09-2026,public_administration,,Ration card nahi ban raha,synthetic_augmentation_v1,hinglish_or_local_terms,23.7957,86.4304,synthetic_district_centroid_for_demo,train
JH-26043-AUG531,West Singhbhum,Manoharpur,Mukhiya / PRI Rep,Low,01-09-2026,public_administration,,"Despite submitting all required documentation for a new ration card application at the block supply office nearly six months ago, our household has received no update on processing status, and repeated visits to the office have only resulted in being told to 'wait further' without any specific timeline being provided",synthetic_augmentation_v1,formal_or_detailed,22.557,85.581,synthetic_district_centroid_for_demo,train
JH-26043-AUG532,West Singhbhum,Jhinkpani,Mukhiya / PRI Rep,High,01-09-2026,public_administration,,Pension not credited 3 months,synthetic_augmentation_v1,short_complaint,22.557,85.581,synthetic_district_centroid_for_demo,train
